tot,dollar,bang,money,n000,make,yn_depvar
278,0,0.778,0,0,0,1
1028,0.18,0.372,0.43,0.43,0.21,1
2259,0.184,0.276,0.06,1.16,0.06,1
191,0,0.137,0,0,0,1
191,0,0.135,0,0,0,1
54,0,0,0,0,0,1
112,0.054,0.164,0,0,0,1
49,0,0,0,0,0,1
1257,0.203,0.181,0.15,0,0.15,1
749,0.081,0.244,0,0.19,0.06,1
21,0,0.462,0,0,0,1
184,0,0.663,0,0,0,1
261,0,0.786,0,0,0,1
25,0,0,0,0,0,1
205,0,0.357,0,0.35,0,1
249,0.063,0.572,0.42,0,0,1
107,0,0.428,0,0,0,1
461,0.37,1.975,0,0.7,0,1
70,0,0.455,0,0,0,1
186,0.496,0.055,0.63,0.31,0,1
23,0,0.729,0,0,0,1
2259,0.046,0.25,0,0.05,0.05,1
34,0,0.809,0,0,0,1
69,0,0.667,0,0,0,1
82,0.196,0.392,0,0,0,1
2258,0.046,0.25,0,0.05,0.05,1
82,0.196,0.392,0,0,0,1
47,0,0.368,3.33,0,0,1
36,0,0.352,0,0,0,1
129,0,0.091,0.65,0,0,1
59,0,0.886,0,0,1.17,1
43,0,2.112,0,0,0,1
89,0.091,0,0.27,0,0,1
17,0.302,0,0,0,0,1
264,0,0,0,0,0,1
25,0,1.543,0,0,0,1
29,0,0.873,0,0,0,1
239,0.244,0.488,0,0.48,0,1
186,0,0.963,0,0,0,1
285,0,0.75,0,0,0,1
226,0.207,0.207,0.61,0.3,0.3,1
28,0,0.671,0,0,0,1
28,0,0.711,0,0,0,1
68,0,0.426,0,0,0,1
339,0.036,0.813,0,0,0,1
774,0.068,1.318,0.3,0,0.15,1
442,0.167,0.01,0.06,0.84,0.18,1
94,0,0.17,0,0.49,0.49,1
3040,0.756,0.325,0.36,1.05,0.46,1
898,0.23,0.278,0.26,0.19,0.46,1
33,0,0,0,0,0,1
179,0.332,0.498,0,1.83,0.73,1
750,0.071,0.244,0,0.19,0.06,1
69,0.596,0.198,1.26,0,0,1
176,0.333,0.5,0,1.83,0.73,1
106,0,1.478,0,0,0,1
146,0.061,0.615,0,0,0,1
51,0,0,0,0,0,1
200,0,1.501,0,0,0,1
284,0,0.669,0,0,0,1
249,0,0,0,0,0,1
66,0,0.175,0.23,0,0.23,1
75,0,0,0,0,0,1
96,0.048,0.048,0,0,0,1
180,0.019,0.019,0,0.12,0.12,1
121,0,2.205,0,0,0.66,1
194,0.294,0.589,0.48,0,0,1
17,0,0.5,0,0,0,1
303,0.351,1.053,0.3,0,0.3,1
141,0.1,0,0,1.96,0,1
290,0,0.537,0,0,0,1
187,0,0.877,0,0,0,1
281,0,0.807,0,0,0,1
110,0.223,0.298,0,0.46,0,1
236,0.243,0.486,0,0.48,0,1
318,0,1.366,0,1.88,0,1
100,0.082,0.165,0,0,0,1
1066,0.234,0.437,0.75,0.44,0.75,1
175,0,0.132,0,0.62,0,1
10,0.338,0,0,0,0,1
114,0,1.431,0,0,0,1
519,0,0.197,0.47,0,0,1
61,0,0.495,0,0.72,0,1
43,0,0.724,0,1.28,0,1
118,0,0.834,0,0,0,1
213,0.214,0.571,0.46,0,0,1
158,0.061,0.061,0.38,0,0,1
107,0,0.268,0,0,0,1
845,0.085,0.096,0.06,0,0.06,1
38,0,0,0,0,0,1
194,0.333,1.083,0,0,0,1
3038,0.764,0.322,0.34,1.05,0.47,1
2453,0.532,0.613,0.63,0.59,0.59,1
2453,0.531,0.612,0.63,0.59,0.59,1
102,0.823,0.082,0,1.38,0.46,1
91,0,0,0,0.46,0,1
313,0,1.284,0,0,0,1
222,0,0.736,0,0,0,1
191,0,0.31,0,0.6,0,1
114,0.527,0.461,0.41,0,1.24,1
30,0,0.38,0,0,0,1
292,0,0.662,0,0.64,0,1
66,0,1.529,0,0,0,1
292,0,0.662,0,0.64,0,1
66,0,1.529,0,0,0,1
292,0,0.662,0,0.64,0,1
66,0,1.529,0,0,0,1
168,0,0.462,0,0.79,0,1
66,0,1.529,0,0,0,1
74,0,0,0,0,0,1
36,0,1.907,0,0,0,1
67,0,0,0,0,0,1
211,0.177,0,0,0,0,1
78,0,0,0,0,0,1
507,0.119,0,0.12,1.13,0.12,1
146,0,0.542,0,0,0,1
588,0.118,0.054,0.2,0.15,0.05,1
583,0.118,0.054,0.2,0.15,0.05,1
308,0,0.542,0,0,0,1
195,0.331,1.158,0,0,0,1
588,0.118,0.054,0.2,0.15,0.05,1
583,0.118,0.054,0.2,0.15,0.05,1
2413,1.281,0.335,0.5,0.5,0.5,1
982,0.024,0.271,0,0,0,1
278,0.322,0.092,0,0.61,0,1
657,0.054,1.194,0.33,0,0.16,1
164,0.178,0.089,0,0,0.5,1
170,0,0.427,0.59,0,0,1
114,0.212,0.706,0,0,0,1
450,0.149,0.97,0.41,0.82,0.41,1
285,0.179,0.598,0,0.38,0,1
95,0,0.121,0.4,0,0,1
144,0,0.606,0,0,0,1
174,0.174,0.299,0,0.64,0,1
76,0.431,0.215,0,2.53,0,1
730,0.16,0.16,0,0.19,0,1
730,0.16,0.16,0,0.19,0,1
304,0.541,0.12,0.33,1.66,1,1
11,0,0,0,0,0,1
69,0,0,0,0,0,1
304,0.541,0.12,0.33,1.66,1,1
36,0.279,0.558,0,0,0,1
2413,1.281,0.335,0.5,0.5,0.5,1
36,0.279,0.558,0,0,0,1
13,0,0.715,0,0,0,1
77,0.431,0.215,0,2.53,0,1
304,0.541,0.12,0.33,1.66,1,1
1001,0.023,0.865,0,0,0,1
123,0.126,0.063,0.72,0,0.36,1
131,0.121,0.565,0.27,0,0,1
114,0,0.261,1.56,0,0.39,1
190,0.33,1.32,0,0,0,1
33,0,0.2,0,0,0.67,1
120,0,1.055,0,0,0,1
203,0,0.484,0,0,0,1
38,0,0,0,0,0,1
291,0.117,0.117,0,0,0,1
117,0,0.135,0,0,0,1
200,0,1.088,0.42,0,0.42,1
607,0.185,0,0,0,0,1
642,0.146,0.146,0,0,0,1
102,0.816,0.081,0,1.38,0.46,1
437,0,0.265,0,0,0.14,1
119,0,0,0,0,0,1
102,0.816,0.081,0,1.38,0.46,1
111,0,0.517,0.62,0,0.62,1
108,0,0,0,0,0,1
260,0,0.7,0,0,0,1
944,0.024,0.567,0,0,0,1
172,0,0.518,0.57,0,0,1
566,0,0.31,0.52,0,0.52,1
574,0.013,0.095,0.08,0.34,0.17,1
172,0,0.892,0,0,0,1
130,0,1.443,0,0,0,1
49,0,0.889,0,0.78,0,1
85,0,0.968,0,1.02,0,1
11,0,0,0,0,0,1
152,0.145,0.944,0.44,0,0.44,1
326,0,0.583,0,0,0,1
85,0,0.969,0,1.02,0,1
694,0.258,0.258,0.34,0.34,0.34,1
537,0.259,0.259,0.34,0.34,0.34,1
179,0,0.835,0.43,0,0.43,1
153,0.144,1.083,0.44,0,0.44,1
68,0,0.118,0,0,0,1
7,0,1.754,0,0,0,1
303,0.14,0.032,0.23,0.23,0,1
66,0,0,0,0,0,1
240,0.186,0.28,0.53,0.53,2.12,1
96,0,0.135,0,0,0,1
51,0,0,0,0.56,0,1
164,0.069,0.83,1.32,0,0,1
101,0,1.192,0,0,0,1
979,0.046,0.585,0,0,0,1
574,0.013,0.095,0.08,0.34,0.17,1
63,0.147,0.294,0,0,0,1
181,0.252,1.18,0,1.62,0.54,1
574,0.013,0.108,0.08,0.34,0.17,1
180,0.253,1.183,0,1.61,0.53,1
91,0,0.067,0,0,0.51,1
212,0.321,1.045,0,0,0,1
255,0.184,0.985,0,0.38,0,1
256,0.186,0.869,0,0.39,0,1
144,0,0.915,1.29,0,0.43,1
363,0.112,0.187,0,1.6,0.45,1
137,0,0.615,0,0,0,1
121,0,0.893,0,0,0,1
165,0.068,0.816,1.31,0,0,1
81,0,0.353,0,0,0,1
1733,0.15,0.563,0.44,0.44,0.22,1
537,0.223,0.287,0.34,0.34,0.34,1
61,0,0,0,0,0,1
233,1.417,0.202,0,0,0,1
180,0.253,1.182,0,1.62,0.54,1
57,0,0.08,0,0,0,1
94,0.165,0.165,0,0,0,1
965,0.022,0,0.02,0.37,0.07,1
965,0.022,0,0.02,0.37,0.07,1
1329,0.185,0.212,0.08,0.89,0.17,1
242,0.267,0.468,0,0.96,0,1
102,0.816,0.081,0,1.38,0.46,1
91,0.061,0.366,0.34,0.34,1.03,1
841,0.063,0.633,0.54,0,0,1
476,0.021,0.779,0.39,0.13,0.26,1
143,0.157,0,0.32,0,0,1
143,0.159,0,0.32,0,0,1
305,0.032,0.258,0.19,0,0.19,1
354,0.112,0.188,0,1.61,0.46,1
95,0,1.094,0,0,0,1
156,0.171,0,0,0,0,1
1087,0.752,0.884,0,0,0,1
145,0,0.683,0,0,0,1
955,0.08,0.773,0,0,0.16,1
88,0,0,0,0,0,1
519,0.278,1.113,0.84,0,0.84,1
32,0,0,0,0,0,1
32,0,0,0,0,0,1
1140,0.013,0.088,0.08,0.34,0.17,1
377,0,0.471,0,0,0,1
294,0.082,0,0,0,0,1
75,0,1.806,0,0,0,1
617,0.193,0.129,0.22,0.22,0,1
385,0,0.479,0,0,0,1
39,0,0.814,0,1.12,0,1
139,0.158,0,0.32,0,0,1
214,0,0.937,0,0,0,1
385,0,0.479,0,0,0,1
62,0.437,0.145,0,0,0,1
255,0.263,0.461,0,0.95,0,1
1128,0.707,0.862,0,0,0,1
130,0,0,0,0,0,1
157,0.829,2.766,0,0,0,1
1561,0.097,0.39,0.16,0.08,0.08,1
966,0.305,0.75,0.69,0.06,0.48,1
966,0.305,0.75,0.69,0.06,0.48,1
54,0,2.453,0,0,0,1
217,0,0.931,0,0,0,1
125,0.347,1.62,0,0.8,0.8,1
202,0.162,0,0.33,0,0,1
802,0.159,0.159,0.14,0,0.07,1
202,0.161,0,0.33,0,0,1
1128,0.707,0.862,0,0,0,1
155,0,0.043,0,0.31,0,1
963,0.083,0.665,0,0,0,1
114,0.135,0.271,0,0,0,1
400,0.127,0.204,0.44,0,0.14,1
91,0,0.784,0,0,0,1
129,0.203,0.203,0.25,0,0,1
75,0.09,0.09,0,0,0.58,1
400,0.127,0.204,0.44,0,0.14,1
400,0.127,0.204,0.44,0,0.14,1
86,0,0.829,0,0,0,1
210,0.124,0.041,0,0,0.25,1
66,0,0,0,0,0,1
373,0,0.487,0,0,0,1
417,0.057,0.085,0,0.35,0,1
256,0.267,0.401,0,0.95,0,1
373,0,0.487,0,0,0,1
942,0,0.315,0,0,0,1
373,0,0.487,0,0,0,1
163,0.18,0.54,0,0,0,1
1200,0.784,0.764,0,0,0,1
869,0.03,0.632,0,0,0,1
513,0.129,1.453,0.6,0.2,0.4,1
87,0,0.531,0,0,0,1
1128,0.753,0.732,0,0,0,1
131,0,0.867,0,0,0,1
117,0,1.117,0,0,0,1
442,0.167,0.01,0.06,0.84,0.18,1
817,0.065,0.785,0.2,0,0.1,1
347,0.21,0.841,0,0,0,1
599,0.057,1.158,0.35,0,0.17,1
1456,0.103,0.348,0.17,0.08,0.08,1
285,0.036,0.841,0.23,0,0,1
240,0.032,0,0,0,0,1
266,0.263,0.702,0.52,1.58,0,1
139,0.157,0,0.32,0,0,1
129,0.318,0.715,0,0.54,0.54,1
36,0.253,0.759,0,0,1.63,1
244,0.107,0.242,0.18,0,0,1
213,0,0.411,0,0,0.35,1
68,0,0,0,0,0.34,1
239,0.107,0.295,0.18,0,0,1
119,0.459,0.551,0,0.64,0.64,1
139,0.159,0,0.32,0,0,1
119,0.369,0.554,0,0.64,0.64,1
191,0.07,0.07,0,0.18,0,1
87,0,0.532,0,0,0,1
56,0,0.309,0,0,0,1
116,0,0.129,0,0,0,1
114,0,1.133,0,0,0,1
264,0,0.718,0,0,0,1
1116,0.663,0.906,0,0,0,1
442,0.167,0.01,0.06,0.85,0.18,1
389,0.094,0.322,0,0.11,0,1
19,0,1.284,0,0,0,1
87,0.269,0.672,0,0,0,1
53,0.199,0,1.31,0,0,1
251,0.107,0.268,0.18,0,0,1
244,0.107,0.241,0.18,0,0,1
139,0.157,0,0.32,0,0,1
217,0,0.511,0,0,0,1
349,0,1.152,0,0,0,1
19,0,0,0,0,0,1
217,0,0.511,0,0,0,1
19,0,0,0,0,0,1
967,0.681,0.754,0,0,0,1
33,0.137,0.275,1,1,0,1
107,0.175,0.351,0,0,0,1
1030,0.67,0.693,0,0,0,1
127,0,1.434,0,0,0,1
54,0.201,0,1.31,0,0,1
72,0.23,0.23,0,0,0,1
77,0,0.217,0,0,0,1
211,0.209,0.209,0.76,0.25,0.25,1
356,0.181,0.604,0,0.36,0,1
122,0.37,0.462,0,0.64,0.64,1
65,0.062,0.31,0,0,0,1
72,0.23,0.23,0,0,0,1
38,0,0,0,0,0,1
139,0.159,0,0.32,0,0,1
55,0.198,0,1.29,0,0,1
72,0.23,0.23,0,0,0,1
118,0.3,0.501,0,0.63,0.63,1
122,0.463,0.834,0,0.65,0.65,1
2043,1.121,0,0,0,0.19,1
65,0.062,0.31,0,0,0,1
1254,0.038,0.406,0,0,0.08,1
122,0.37,0.462,0,0.64,0.64,1
65,0.062,0.31,0,0,0,1
356,0.181,0.604,0,0.36,0,1
51,0,0,0,0,0,1
72,0.23,0.23,0,0,0,1
139,0.158,0,0.32,0,0,1
441,0.167,0.01,0.06,0.85,0.18,1
54,0.201,0,1.31,0,0,1
161,0.127,0.063,0,0.45,0,1
21,0,0,0,0,0,1
19,0,0,0,0,0,1
3271,0.017,0.107,0,0,0,1
2,0,5,0,0,0,1
81,0,2.443,0,0,0.48,1
543,0.036,1.018,0,0,0,1
139,0.158,0,0.32,0,0,1
6,0,0,0,0,0,1
543,0.036,1.018,0,0,0,1
89,0,0.11,0,0,0,1
660,0.259,0.102,0.05,0.23,0.05,1
139,0.157,0,0.32,0,0,1
132,0.11,0.332,0,0,0,1
3271,0.017,0.107,0,0,0,1
139,0.114,0.802,0,0,0,1
2205,0.338,0.831,0.4,0,0.2,1
178,0.103,0.517,0,0,0,1
61,0,0.108,0,0,0,1
136,0,0.153,0,0,0,1
2218,0.479,0.319,0.46,0.46,0.35,1
183,0,0.397,0,0,0,1
31,0,0,0,0,0,1
53,0.199,0,1.31,0,0,1
479,0.202,0.101,0.96,0.72,0.6,1
37,0,0,0,0.44,0,1
1402,0.114,0.42,0.08,0.85,0.08,1
120,0,0.663,0,0,0,1
1315,0.745,0.826,0,0,0,1
444,0.169,0.01,0.06,0.85,0.18,1
451,0.169,0.01,0.06,0.85,0.18,1
1059,0.236,0.429,0.76,0.44,0.76,1
1277,0.109,0.369,0.17,0.08,0.08,1
1834,0.101,0.356,0.08,1.1,0.08,1
95,0,0.163,0,0,0,1
19,0,0,0,0,0,1
72,0.42,0.105,0,1.78,0,1
74,0.304,0.101,0.6,0,0.6,1
1070,0.235,0.428,0.76,0.44,0.76,1
78,0.326,0.163,0,0,0,1
141,0,0.537,0,0,0,1
189,0,0.286,0.67,0,0,1
655,0.134,0.23,0.46,0.46,0.11,1
115,0,0,0,0,0,1
13,0,0.616,0,0,0,1
94,0.061,0.367,0.35,0.35,1.05,1
75,0,0.524,0,0,0,1
113,0,0,0,0,0.29,1
105,0,0.52,0,0,0,1
1278,0.109,0.369,0.17,0.08,0.08,1
102,0.082,0.165,0.58,0,0,1
3550,0.019,0.034,0,0,0.1,1
301,0.683,2.636,0,0,0,1
153,0,0.354,0,0,0.25,1
1407,0.114,0.394,0.08,0.85,0.08,1
1234,0,0.34,0,0,0,1
320,0.216,0.577,0,0.43,0,1
368,0.153,0.153,0.44,0,0.14,1
1222,0.08,0.269,0,0.14,0,1
121,0.273,0.456,0,0.62,0.62,1
621,0.054,1.118,0.33,0,0.16,1
1229,0.072,0.241,0,0.14,0,1
1216,0.076,0.255,0,0.15,0,1
2333,0.51,0.443,0.54,0.51,0.51,1
228,0.519,1.143,0,0,0,1
389,0.193,0.367,0.22,0,0.33,1
225,0.165,0.497,0,0,0,1
52,0,3.571,0,0,0,1
3210,0.847,0.382,0.51,1.03,0.49,1
389,0.193,0.367,0.22,0,0.33,1
34,0,0.7,0,0,0,1
35,0,0.146,0,0,0,1
353,0,0.801,0,0,0,1
126,0,0,0,0,0,1
249,0.412,0.412,0,0.76,0,1
21,0,0.277,0,0,0,1
249,0.412,0.412,0,0.76,0,1
261,0,1.257,0,0,0,1
9,0,0,0,0,0,1
483,0.222,0.101,0.96,0.72,0.6,1
229,0,0.935,0,0,0,1
389,0.094,0.056,0,0,0,1
36,0,1.007,0,0,0,1
38,0.21,0.421,3.61,0,0,1
72,0.38,0.19,0,1.07,0,1
23,0,1.336,0,0,0,1
2541,0.133,0.334,0.99,1.39,0.59,1
41,3.125,0,0,0,0,1
144,0,0,0,0,0.27,1
278,0,0.777,0,0,0,1
1078,0,0.369,0,0,0,1
389,0.196,0.373,0.22,0,0.33,1
254,0.041,0.041,0,0,0.12,1
254,0.041,0.041,0,0,0.12,1
421,0.046,0.89,0.31,0,0.31,1
100,0.177,0.8,0.51,0,0,1
80,0.336,0.084,0,1.44,0,1
2,0,0,0,0,0,1
144,0,0,0,0,0,1
229,0.171,0.057,0,0.35,0,1
91,0.251,0.251,0,0,0,1
84,0.186,0.186,0,0,0,1
493,0,0.187,0,0,0,1
477,0,0.203,0,0,0,1
94,0,0.176,0,0,0,1
180,0,1.385,0,0,0,1
36,0,0,0,0,0,1
72,0.389,0,0,1.08,0,1
59,0,0.486,0,0,0,1
1016,3.305,0.141,1.47,0.31,0.21,1
189,0.04,0,0,0.23,0,1
1171,0.085,0.341,0.36,0,0.09,1
23,0,0.546,0,0,0,1
15,0,2.631,0,0,0,1
15,0,5.844,0,0,0,1
23,0,1.081,0,0,0,1
105,0,0.574,0,0,0,1
65,0,0.536,0,0,0,1
157,0.156,0,0.32,0,0,1
79,0.383,0.191,0,1.08,0,1
24,0,3.448,0,0,0,1
79,0.383,0.191,0,1.08,0,1
910,0.053,0,0,0.05,0,1
58,0,0.291,0,0,0,1
301,0.065,0.816,0.2,0,0,1
2,0,4.347,0,0,0,1
329,0.065,0.016,0,0.75,0.1,1
595,0.225,0.902,0.49,0,0.65,1
1458,0.151,0.318,0.19,0.39,0.09,1
26,0,0.396,0,0,0,1
1428,0.156,0.297,0.2,0.4,0.1,1
289,0,1.096,0,0,0,1
1407,0.114,0.394,0.08,0.85,0.08,1
287,0.173,0.26,0,2.05,0.25,1
41,0.171,0.171,0,2.1,0,1
1890,0.162,0.518,0.1,0.51,0,1
1428,0.156,0.297,0.2,0.4,0.1,1
474,0,0.19,0,0,0,1
702,0.264,0.611,1.04,0.1,0,1
61,0.634,0.422,0,0,0,1
26,0,0,0,0,0,1
92,0.111,0.111,0.62,0,0,1
1460,0.338,0.492,0.29,0.47,0.23,1
2340,0.509,0.478,0.58,0.51,0.51,1
33,0,0,0,0,0,1
82,0.408,0.408,0,1.12,0,1
165,0.761,0.084,0,3.38,0,1
1410,0.114,0.394,0.08,0.85,0.08,1
381,0,0.264,0,0,0,1
140,0.233,0.233,0,1.42,0,1
279,0.173,0.13,0,0.31,0,1
1045,0.151,1.06,0.26,0.53,0.4,1
364,0.129,0.843,0,0,0,1
71,0.367,0.919,0,1.85,0,1
1991,0.493,0.507,0.53,0.45,0.32,1
117,0.151,0,0.87,0,0,1
131,0.466,0.093,0,1.59,0,1
3116,0.069,0.556,0.7,0.61,0.35,1
660,1.961,0.387,1.36,0.68,0.51,1
43,0,0.311,0,0,0.53,1
1280,0.101,0.101,0.06,0.06,0.26,1
61,0.626,0.208,0,0,0,1
120,0,0.291,0,1.05,0,1
110,0,0.057,0,0,0.31,1
63,0.111,1.116,0,0,0,1
64,0.11,1.103,0,0,0,1
259,4.017,0.378,0,0.62,0,1
1509,0.191,0.42,0.11,0.59,0,1
535,0.031,0.249,0.09,0.36,0.09,1
137,0.41,0.082,0,1.41,0,1
368,0.128,0.153,0.44,0,0.14,1
151,0,0.125,0,0,0,1
368,0.128,0.153,0.44,0,0.14,1
2220,0.5,0.456,0.6,0.37,0.5,1
490,0.223,0.382,0,0.61,0,1
116,0.74,0.211,0,2.85,0.57,1
114,0.763,0.109,0,2.95,0.59,1
261,0.121,0.121,0.4,0.6,0,1
113,0.216,0.185,0,0.19,0.19,1
60,0.632,0.21,0,0,0,1
62,0.61,0.203,0,0,0,1
381,0.065,0.016,0,0.74,0,1
64,0,0.537,0.9,0,0.9,1
25,0.17,0,0,0,0,1
555,0,0.153,0,0,0,1
126,0.5,0.142,0,0.46,0,1
250,0.118,0.094,0.42,0.14,0.28,1
46,0,0,0,0,0,1
108,0.353,0.088,0.55,0,0,1
2,0,0,12.5,0,0,1
151,0,0.121,0,0,0,1
21,0,0,1.47,0,0,1
339,0,0.324,0.26,0,0.26,1
59,0.048,0,0,0,0.33,1
118,0,0.11,0,0,0,1
565,0.132,1.689,0.61,0.2,0.41,1
18,0,0.774,0,0,0,1
32,0,0.111,0,0,0,1
2426,0.505,0.439,0.54,0.5,0.5,1
386,0.042,1.289,0.84,0.28,0.56,1
441,0.113,0.213,0.66,0,0.33,1
328,0,0.215,0.34,0,0,1
981,0.299,1.082,1.03,0.12,0.64,1
222,0.092,0,0.78,0,0,1
549,0,0.616,0,0,0,1
96,0.232,0.232,0.68,0.68,0,1
149,0.156,0,0.32,0,0,1
158,0,0.368,0,0,0,1
134,0,0.225,0,0,0,1
134,0,0.223,0,0,0,1
44,0,0,0,0,2.43,1
62,0,0,0,0,0,1
400,0,0,0,0,0,1
2771,0.535,0.363,0.52,0.63,0.52,1
94,0,0.649,0,0,0,1
81,0.189,0.189,0,0,0,1
92,0,0.699,0,0,0,1
231,0.034,0.375,0,0,0.5,1
83,0.176,0.176,0.51,0,1.03,1
632,0.308,0.745,1.38,0,1.18,1
632,0.31,0.749,1.38,0,1.18,1
632,0.306,0.741,1.38,0,1.18,1
62,0,0,0,0,0,1
85,0.338,0,0,0,0,1
757,0.177,1.316,0.55,0.13,0.13,1
2761,0.023,0.095,0,0.46,0,1
542,0.03,0.242,0.09,0.36,0.09,1
726,0.182,1.294,0.55,0.13,0.13,1
632,0.31,0.749,1.38,0,1.18,1
1319,0,0,0,0,0,1
94,0,0.125,0,0,0,1
178,0.108,0.072,0.47,0,0,1
48,0,0.277,0,0,2.32,1
36,0,0,0,0,0,1
53,0,0.334,0,0,0,1
385,0.134,0.574,0.22,0.11,0.45,1
124,0,1.255,0,0,0,1
302,0.12,0.034,0,0.55,0,1
309,0,0.274,0,0,0,1
1592,0.236,0.388,1.14,1.82,0.68,1
30,0,0,0,0,0,1
111,0.17,0.085,0,0,0,1
74,0,3.333,0,0,0,1
62,0,0.546,0.9,0,0.9,1
3269,0.626,0.322,0.35,1.09,0.49,1
75,0.183,0.612,0.79,1.18,0.39,1
58,0,0.192,0,0,0,1
621,0.055,1.718,0.34,0,0.17,1
358,0.403,0.359,0.25,0.77,0.51,1
150,0.107,0.321,0,0.62,0,1
87,0,0,0,0,0,1
125,0,0.519,0,0.84,0,1
72,0,0.132,0.71,0,0,1
528,0.03,0.246,0.09,0.36,0.09,1
666,0.132,0.265,0.45,0.45,0.11,1
133,0.361,0.433,0,2.2,0.44,1
1351,0.152,0.474,0.1,0.6,0.1,1
666,0.132,0.265,0.45,0.45,0.11,1
2184,0.585,0.438,0.46,0.38,0.42,1
114,0.07,2.115,0,0.45,0,1
391,0.176,0.392,0.22,0,0.33,1
30,0,0,0,0,0,1
69,0.109,1.096,0,0,0,1
53,0,0.218,0,2.24,0,1
261,0,0.125,0,1.36,0,1
54,0,0.218,0,0,0,1
36,0,0,0,0,0,1
870,0.224,0.404,0.29,0.09,0.19,1
50,0,0.113,0,0,0,1
365,0.247,0.19,0.49,0.39,0.79,1
270,0.309,0.206,0,0,0,1
106,0,0,0,0,0,1
177,0.888,0.414,0,1.47,0,1
134,0,0.77,0,0,0,1
1043,0.384,0.928,0.3,0,0.1,1
13,0,0,0,0,0,1
2184,0.528,0.452,0.63,0.38,0.52,1
35,0,0,0,0,0,1
956,0.027,0.167,0,0,0,1
291,0,1.065,0,0,0,1
386,0.043,1.294,0.84,0.28,0.56,1
334,0,0.531,0,0,0,1
1107,0.182,0.127,0.34,0.17,0.34,1
157,0.089,0.983,0,0,0,1
137,0.358,0.43,0,2.2,0.44,1
108,0.472,0.472,0.42,0,1.26,1
280,0.141,0.425,0,0,0,1
293,0.289,0.072,0,0,0,1
84,0,1.344,0,0,0.89,1
46,0,0.257,2.04,0,0,1
277,0.142,0.427,0,0,0,1
91,0,1.149,0,0,0,1
1235,0,0.366,0,0,0.13,1
94,0.13,0.52,1.94,0,0,1
159,0.063,0,0,0,0,1
165,0.297,0.669,0,0.44,0,1
312,0,0.477,0,0,0,1
238,0,1.336,0,0,0,1
513,0.464,0.406,0,0.66,0.33,1
36,1.305,0.163,0.94,0,0,1
300,0.062,0.435,1.1,0.36,0.73,1
161,0.159,0.372,0,0,0,1
1057,0.02,0.352,0,0,0,1
70,0.099,0.396,0.57,0,0.57,1
160,0.062,0.621,0,0,0,1
3,0,0,0,0,0,1
991,0,0.583,0,0,0,1
3243,0.672,0.308,0.36,1.09,0.51,1
262,0,0.23,1.05,0,0.7,1
243,0.182,0.728,0,1.23,0.3,1
118,0,0.046,0,0,0,1
350,0,0.897,0,0,0,1
606,0.054,0.337,0.32,0,0.56,1
1096,0.022,0.022,0.26,0.13,0,1
125,0,1.098,0,2.59,0,1
640,0.894,0.246,0,0,0.09,1
1328,0.106,0.902,0,0,0.34,1
81,0,0.269,0,0,0,1
31,0,1.111,0,0,0,1
9088,0,0.03,0.04,0,0,1
189,0.114,0.513,0,0.41,0.82,1
111,0.161,0.644,0,0.42,0,1
1044,0.39,0.991,0.3,0,0.1,1
9090,0,0.034,0.04,0,0,1
3498,0.166,0.64,0.84,0.34,0.87,1
67,0,0.061,0,0,0.43,1
156,0.063,0.158,0.2,0,0,1
518,0,0.671,0.77,0,2.32,1
1481,0.202,0.233,0.72,0.4,0.08,1
707,0.077,1.132,0.31,0.55,0.07,1
2207,0.543,0.453,0.63,0.38,0.52,1
1613,0.141,0.337,0.76,0.29,0.4,1
24,0.439,0,0,0,0,1
86,0,0.323,0,0.31,0,1
86,0,0,0,0,0,1
86,0,0.109,0,0,0,1
125,0,1.098,0,2.59,0,1
199,0,3.851,0,0.86,0,1
127,0.105,0.052,0,0,0,1
1351,0.158,0.49,0.1,0.6,0.1,1
727,0.049,0.248,0.33,0.49,0,1
1112,0.217,0.593,0.93,0.8,0.4,1
1351,0.158,0.49,0.1,0.6,0.1,1
1589,0.388,0.406,0.31,0.52,0.15,1
1028,0.396,0.974,0.3,0,0.1,1
472,0,0,0,0,0,1
105,0,0.128,0,0,0,1
640,0.674,0.179,0,0,0,1
1046,0.397,0.977,0.3,0,0.1,1
49,0,0,0,0,0,1
977,0.39,0.244,0,3.38,0,1
509,0.107,0.287,0,0,0.11,1
93,0.223,0.223,0.74,0,0,1
499,0.077,0.847,0.49,0,0.24,1
1621,0.141,0.343,0.76,0.29,0.4,1
723,0.452,0.169,0.47,0,0.95,1
292,0.206,0.206,0,0.31,0,1
194,0.145,0.145,0,0,0,1
640,0.673,0.179,0,0,0,1
191,0.288,0.144,0,0,0,1
45,0,0.334,1.96,0,0,1
576,0.037,1.362,0.23,0,0,1
104,0,0.122,0.38,0,0,1
1349,0.101,0.859,0,0,0.33,1
1349,0.101,0.858,0,0,0.32,1
247,0.034,0.238,0,0,0,1
1351,0.158,0.49,0.1,0.6,0.1,1
1339,0.224,0.25,0.16,0.91,0.16,1
1339,0.224,0.25,0.16,0.91,0.16,1
38,0.171,0.343,0,0,0.93,1
228,0.83,0.276,0,1.3,0,1
97,0,0.124,0.39,0,0,1
38,0,0,0,0,0,1
264,0.061,0.367,0,0.36,0,1
141,0,0.328,0,0,0,1
521,0.161,0.01,0.05,0.74,0.17,1
222,0.411,0.529,0.65,0.32,0.98,1
1295,0.103,0.309,0.21,0.35,0.07,1
895,0.216,0.278,0,1.06,0,1
312,0,0.349,0,0.38,0,1
114,0.124,0.124,0,0,0,1
163,0,0.305,0,0,0,1
92,0,1.836,0,2.7,0,1
164,0.04,0,0,0,0,1
124,0,0,0,0,0,1
158,0.056,0.224,0,0,0,1
110,0,0,0,0,0,1
482,0,0.065,0,0,0,1
204,0,0.021,0,0.27,0,1
429,0.828,0.677,0,0.24,0.24,1
1478,0.135,0.432,0.18,0.55,0,1
2,0,0,0,0,0,1
158,0.056,0.225,0,0,0,1
224,0,0.126,0,0,0.68,1
349,0,0.19,0.28,0,0,1
44,0,0.291,0,0,0,1
247,0.432,0.432,0,0.75,0,1
234,0,0.103,0.65,0,0,1
260,0.105,0.079,0.16,0,0,1
264,0.101,0.076,0.16,0,0,1
260,0.106,0.079,0.17,0,0,1
173,0.932,0.435,0,1.47,0,1
813,0.192,0.41,0.26,0.13,0.46,1
237,0,0.394,0,0,0,1
258,0.107,0.08,0.16,0,0,1
101,0,0.117,0,0,0,1
166,0,0,0,0,0,1
452,0.046,0.371,0.28,0,0,1
158,0,0,0,0,0,1
753,0.162,0.339,1.5,0.17,0.26,1
54,0,0.224,0,0,0,1
42,0.483,1.129,0,0,0,1
363,0.027,0,0,0.18,0,1
460,0.163,0.02,0.05,0.75,0.17,1
506,0,0.215,0,0,0,1
131,0,0.301,0.44,0,0,1
228,0.035,0.315,0,0,0.49,1
75,0,0.077,0,0,0,1
63,0.117,1.179,0,0,0,1
179,1.457,0.072,0,2.53,0.42,1
113,0.128,0.064,0,0,0,1
197,0,0,0,0.49,0,1
1415,0.145,0.393,0.09,0.59,0.09,1
63,0.248,0,0,0,0,1
453,0.165,0.01,0.05,0.76,0.17,1
24,0,0,0,0,0,1
528,0.031,0.253,0.09,0.36,0.09,1
305,0.124,0.035,0,0.55,0,1
55,0.345,0.921,0,0,0,1
464,0,0.267,0.47,0,0,1
306,0.118,0.033,0,0.54,0,1
542,0.031,0.252,0.09,0.36,0.09,1
542,0.031,0.252,0.09,0.36,0.09,1
53,0,0.347,0,0,0,1
141,0.173,0.288,0,0.65,0.32,1
632,0.317,0.766,1.38,0,1.18,1
507,0,0.61,0.31,0,0,1
888,0.229,0.613,1.17,0,1.01,1
532,0.056,0.056,0,0,0,1
92,0,0.134,0,0,0.72,1
530,0.031,0.237,0.09,0.36,0.09,1
298,0.188,0.235,0.27,0.82,0,1
172,0,0,0,0,0,1
96,0.238,0.238,0.68,0.68,0,1
646,0,0.189,0,0,0,1
974,0.071,0.119,0.22,0,0.07,1
1412,0.118,0.408,0.08,0.85,0.08,1
80,0,0.61,0,0,0,1
555,0,0.158,0,0,0,1
152,0,0.124,2.45,0,0,1
1331,0.105,0.898,0,0,0.34,1
61,0.665,0.221,0,0,0,1
281,1.212,0.071,0,0.51,0,1
735,0.173,1.739,0,0,0.48,1
1330,0.105,0.898,0,0,0.34,1
530,0.031,0.237,0.09,0.36,0.09,1
1412,0.118,0.408,0.08,0.85,0.08,1
131,0,0,2.32,0,0,1
80,0,0.636,0,0,0,1
253,0.184,0,0,0.78,0,1
2370,2.33,0.458,0.57,0.39,0.43,1
675,0.056,0.131,0.81,0,0.23,1
275,0,0.16,0.67,0,0,1
742,0.168,1.687,0,0,0.47,1
742,0.168,1.683,0,0,0.46,1
535,0.032,0.257,0.09,0.36,0.09,1
125,0,0.088,0,0,0,1
356,0,0.979,0,0,0,1
125,0,0.088,0,0,0,1
1514,0.254,0.418,1.07,1.9,0.71,1
52,0.109,0.875,0,0.73,0,1
132,0,1.001,0,0,0.68,1
2213,0.519,0.445,0.61,0.37,0.5,1
268,0.278,0.123,0.84,0,0.67,1
159,0,0.396,0,0,0,1
566,0.015,0.03,0.09,0.36,0.18,1
131,0.478,0.095,0,1.59,0,1
131,0.475,0.095,0,1.58,0,1
131,0.473,0.094,0,1.53,0,1
1726,0.182,0.384,0.1,0.52,0,1
54,0.138,0.138,0,0,0,1
650,0.127,1.3,0.47,0.15,0.31,1
54,0,0.455,0,0,0,1
650,0.127,1.3,0.47,0.15,0.31,1
157,0.166,0,0.32,0,0,1
60,0.215,0,0,0,0,1
1426,0.16,0.336,0.2,0.4,0.1,1
3315,0,0.016,0,0,0,1
82,0.424,0.424,0,1.12,0,1
182,0,0.421,0,0,0.59,1
18,0,0,0,0,0,1
1342,0.106,0.287,0.19,0.52,0.06,1
106,0,0.843,0,0,1.23,1
537,1.223,2.224,0,0,0,1
529,1.237,2.249,0,0,0,1
1287,0.175,0.334,0.2,1.14,0.1,1
134,0,1.235,0,0,0,1
61,0.662,0.441,0,0,0,1
274,0,0.102,0.63,0,0,1
59,0,0.174,0,0,0,1
59,0,0.173,0,0,0,1
364,0.132,0.864,0,0,0,1
35,0,0,0,0,0,1
1458,0.155,0.326,0.19,0.39,0.09,1
339,0.064,0.016,0,0.73,0.1,1
521,0.099,0.007,0.14,0.38,0.14,1
875,0.014,0.611,0.27,0.09,0.36,1
79,0.552,0.368,0.37,0,0,1
94,0.235,0.235,0,0,0,1
425,0.175,0.878,0.37,0,0,1
425,0.175,0.878,0.37,0,0,1
24,0,4.733,0,0,0,1
145,0,0,0,0.34,0.17,1
536,0.161,0.02,0.05,0.74,0.17,1
364,0.146,0.182,0,0.2,0,1
267,0.505,1.199,0,0,0,1
564,0.148,1.599,0.67,0.22,0.45,1
368,0.124,0.088,0.19,0,0,1
264,0.187,0,0,0,0,1
15,0,7.843,0,0,0,1
5,0,0,0,0,0,1
48,0,0,0,0,0,1
748,0.249,1.663,0,0,0.46,1
744,0.168,1.687,0,0,0.47,1
162,0.612,2.143,0,0,0.9,1
972,0.071,0.131,0.22,0,0.07,1
57,0.204,0,1.28,0,0,1
571,0,0.862,0,0,0,1
744,0.168,1.683,0,0,0.47,1
744,0.168,1.68,0,0,0.47,1
144,0,0,0,0,0,1
144,0,0,0,0,0,1
1334,0.105,0.899,0,0,0.34,1
73,0.389,0,0,1.08,0,1
87,0,0.572,0,0,0,1
44,0,1.326,0,0,0,1
211,0.059,0.238,0.36,0,0,1
178,0,0,0,0,0,1
2224,0.573,0.425,0.59,0.34,0.41,1
125,0.111,0.055,0.62,0,0.31,1
409,0,0.768,0,0.56,0,1
294,0.022,0,0,0.14,0,1
291,0.291,0.582,0.27,0,0,1
54,0.21,0,1.31,0,0,1
54,0.21,0,1.31,0,0,1
33,0.35,0.701,0,0,0,1
363,0,0.819,0,0,0,1
20,0,0.263,0,0,0,1
9163,0.09,0.356,0.47,0.69,0.29,1
249,0.433,0.433,0,0.76,0,1
78,0.182,0,0,0,0,1
447,0.188,0.358,0.21,0,0.31,1
508,0,0.242,0,0,0,1
52,0,1.011,0,0,0,1
2333,0.523,0.454,0.54,0.51,0.51,1
909,0.149,0.298,0.61,0,0.2,1
80,0.341,0.17,0,0,0,1
54,0.21,0,1.31,0,0,1
70,0.171,0,0,0,0,1
249,0.524,1.154,0,0,0,1
119,0.336,0.168,0,2.35,2.35,1
139,0.169,0,0.32,0,0,1
937,0.174,0.174,0,0.51,0,1
175,0,0.478,0,0,0,1
139,0.168,0,0.32,0,0,1
139,0.168,0,0.32,0,0,1
113,0.339,0.792,0,0.78,0.78,1
603,0.133,0.601,0,0.8,0,1
115,0.341,0.682,0,0.78,0.78,1
93,0.138,0.415,0,0,0,1
150,0.074,0.149,0,0,0,1
495,0,0.395,0,0,0,1
115,0.341,0.682,0,0.78,0.78,1
113,0,0.121,0,0,0,1
2227,0.524,0.36,0.38,0.46,0.38,1
134,0.218,1.021,0,1.31,0.43,1
71,0,0.234,0,0,0,1
46,0,0.371,0,0,0,1
87,0,0.559,0,0,0,1
434,0.061,0.185,0,0,0,1
102,0,0,0,0,0,1
87,0,0.565,0,0,0,1
1312,0.079,0.089,0.05,0,0.05,1
1310,0.079,0.089,0.05,0,0.05,1
55,0,0.457,0,0,0,1
55,0,0.759,0,0,0,1
1180,0.059,1.008,0,0,0.38,1
1180,0.059,1.005,0,0,0.38,1
1178,0.059,1.008,0,0,0.38,1
339,0,0.034,0,0,0,1
277,0,0.034,0,0,0,1
71,0,0.522,0.65,0,0,1
339,0,0.034,0,0,0,1
277,0,0.034,0,0,0,1
281,0,0.144,0.6,0,0,1
139,0.166,0,0.32,0,0,1
1402,0.118,0.435,0.08,0.85,0.08,1
621,0,2.077,0,0,0,1
139,0,0,0,0,0,1
139,0,0,0,0,0,1
139,0,0,0,0,0,1
139,0,0.74,0,0,0,1
57,0,0,0,0,0,1
101,0.099,0.198,0.65,0,0,1
885,0.043,0.175,0,0,0,1
44,0.118,0.355,0,0.74,0.74,1
53,0.208,0,1.29,0,0,1
3271,0.018,0.112,0,0,0,1
132,0.118,0.355,0,0,0,1
132,0.118,0.356,0,0,0,1
119,0,0,0,0,0,1
273,0.047,0.142,0,0,0,1
119,0,0,0,0,0,1
446,0.289,0.52,1.23,0.76,1.23,1
543,0.037,1.046,0,0,0,1
242,0,0.238,0.71,0,0.95,1
543,0.037,1.046,0,0,0,1
622,0.191,1.147,0,0,0,1
43,0.13,0.391,0,0.9,0.9,1
43,0.118,0.355,0,0.74,0.74,1
1038,0.107,0.134,0.81,0.16,0,1
578,0.504,0.458,0.54,0.27,0.27,1
869,0.271,0.465,0,1.28,0,1
113,0.313,0.522,0,0.64,0.64,1
70,0.171,0,0,0,0,1
103,0.073,0.367,0,0,0,1
237,0.112,0.31,0.18,0,0,1
332,0.088,0.265,0,0,0,1
53,0.213,0,1.31,0,0,1
273,0,0.587,0,0,0,1
137,0.2,1.706,0,1.36,1.36,1
556,0,0.198,0,0,0,1
276,0,0.13,0.54,0,0,1
319,0.438,0.39,0,0.94,0,1
96,0,0.371,0,0,0,1
1351,0.158,0.491,0.1,0.6,0.1,1
189,0,0.26,0,0,0,1
271,0.201,1.105,0,0,1.24,1
65,0.062,0.312,0,0,0,1
445,0,0.199,0,0,0,1
445,0,0.199,0,0,0,1
445,0,0.199,0,0,0,1
79,0,0.236,0,0,0,1
767,0.162,1.626,0,0,0.45,1
773,0.244,1.631,0,0,0.45,1
773,0.245,1.633,0,0,0.45,1
301,0.132,0.53,0.82,0,0.82,1
757,1.313,5.848,0.09,0,0.09,1
53,0.212,0,1.31,0,0,1
53,0.212,0,1.31,0,0,1
201,0.141,0.189,0.6,0,0,1
219,0.221,1.254,0,1.41,0.47,1
736,0.467,1.203,0,0,0,1
107,0.254,1.272,4.41,0,1.47,1
109,0.254,1.272,4.41,0,1.47,1
94,0,0.18,0,0,0,1
95,0,0.178,0,0,0,1
736,0.471,1.211,0,0,0,1
757,1.311,5.84,0.09,0,0.09,1
736,0.467,1.203,0,0,0,1
427,0.05,0.376,0.3,0.15,0,1
208,0,0.087,0.3,0,0.15,1
1030,0.041,0.133,0.19,0,0.12,1
75,0,0.573,0,0,0,1
1310,0.079,0.099,0.05,0,0.05,1
95,0,0.204,0,0,0,1
325,0.896,0.482,0.44,0.44,0,1
109,0.403,0.672,0,0,0,1
1622,0.342,0.045,0.28,0.84,0.28,1
1351,0.158,0.49,0.1,0.6,0.1,1
107,0,0.823,0,0,0,1
36,0.266,0.8,0,0,1.63,1
183,0,0.196,0,0,0.69,1
272,0.269,0.539,0.52,1.57,0,1
139,0.166,0,0.32,0,0,1
139,0.166,0,0.32,0,0,1
1414,0.118,0.486,0.08,0.85,0.08,1
462,0.167,0.01,0.05,0.82,0.17,1
374,0.051,0.874,0,0.27,0.27,1
442,0.132,0.663,1.32,0,0,1
110,0,1.939,0,0,0,1
28,0.606,0.606,0,3.57,0,1
82,0,0,0,0,0.54,1
87,0,0.567,0,0,0,1
95,0.063,0.381,0.35,0.35,1.06,1
89,0,1.244,0.68,0,0.68,1
1130,0,0.301,0,0,0,1
432,0.047,0.559,0,0.09,0,1
37,0,0.804,0,0,0,1
77,0.167,0,0,0,0,1
375,0,0.503,0,0,0,1
1042,0.397,0.976,0.3,0,0.1,1
124,0.36,1.562,0,0.8,0.8,1
53,0.212,0,1.31,0,0,1
170,0.169,0.508,0,0,0,1
1313,0.079,0.099,0.05,0,0.05,1
302,0.123,0,0,0,0,1
162,0.271,0,0,0,0.29,1
447,0.169,0.01,0.06,0.84,0.18,1
2510,0.011,0.029,0,0.03,0.06,1
114,0.549,0.481,0.41,0,1.24,1
2923,0.082,0.55,0.24,0.16,0.08,1
1045,0.397,0.977,0.3,0,0.1,1
1324,0.15,0.037,0,0.9,0,1
53,0.212,0,1.31,0,0,1
261,0,0.198,0,0.4,0,1
104,0,0.121,0.38,0,0,1
16,0,0.544,0,0,0,1
703,0.092,0.472,0,0.06,0,1
160,0.17,0.17,0,0,0,1
157,0.868,2.894,0,0,0,1
65,0,0.258,0,0,1.63,1
621,0.056,1.151,0.33,0,0.16,1
740,0.979,5.213,0.19,0,0.09,1
54,0,2.597,0,0,0,1
454,0.162,0.01,0.05,0.75,0.17,1
227,0.04,0.489,0.27,0,0,1
64,0,0.511,0,0,1.61,1
386,0,0.496,0,0,0,1
387,0,0.496,0,0,0,1
144,0.162,0,0.31,0,0,1
96,0.063,0.379,0.34,0.34,1.04,1
164,0.183,0,0,0,0,1
379,0,0.488,0,0,0,1
477,0,0.21,0,0,0.14,1
629,0.196,0.13,0.22,0.22,0,1
428,0.048,0.388,0.29,0.14,0,1
795,0.167,0.167,0.07,0,0.07,1
144,0.163,0,0.31,0,0,1
144,0.163,0,0.31,0,0,1
467,0.167,0.01,0.05,0.81,0.17,1
186,0.232,1.085,0,1.45,0.48,1
114,0.549,0.48,0.41,0,1.24,1
535,0.294,0.261,0.34,0.34,0.34,1
323,0,0.233,0,0,0,1
12,0,0,0,0,0,1
1140,0.014,0.092,0.08,0.34,0.17,1
1140,0.014,0.092,0.08,0.34,0.17,1
89,0.174,0.638,1.04,0,0,1
274,0,0.14,0.58,0,0,1
440,0,0.072,0,0,0,1
192,0.066,0.133,0.4,0,0,1
233,1.492,0.213,0,0,0,1
1734,0.156,0.588,0.44,0.44,0.22,1
75,0,0.292,0,0,0,1
72,0.233,0.467,0,0,0.74,1
826,0,0.13,0.42,0,0,1
253,0.189,0.882,0,0.37,0,1
62,0.514,1.799,0,0,0,1
139,0.113,0.963,0,0,0,1
181,0.261,1.218,0,1.62,0.54,1
53,0.943,0.628,0,5.45,0,1
328,0.957,0.515,0.48,0.48,0,1
59,0,0.278,0,0,0,1
11,0,0.833,0,0,0,1
1261,0,0,0.18,0,0,1
196,0.143,0.191,0.6,0,0,1
44,0,1.326,0,0,0,1
1955,0.136,0.379,0.71,0.27,0.37,1
199,0.142,0.19,0.6,0,0,1
207,0.239,0.239,1.16,0,0.58,1
313,0,0.37,0,0,0,1
185,0.211,0,0.3,0,0,1
186,0.21,0,0.3,0,0,1
161,0,0.103,0.59,0,1.19,1
4128,0.523,0.325,0.46,0.94,0.5,1
207,0.239,0.239,1.16,0,0.58,1
184,0.211,0,0.3,0,0,1
184,0.211,0,0.3,0,0,1
392,0.402,0.402,0.23,0.71,0.47,1
204,0,0,0,0.59,0,1
9,0,4.347,0,0,0,1
264,0.184,0.036,0.24,0.48,0,1
264,0.184,0.036,0.24,0.48,0,1
526,0.263,0.263,0.34,0.34,0.34,1
179,0,0.802,0.43,0,0.43,1
179,0,0.874,0.43,0,0.43,1
274,0,0.14,0.58,0,0,1
50,0,0.543,0,0,0,1
75,0.118,0.653,0.36,0,0,1
543,0.312,0.364,0,0.77,0,1
574,0.014,0.099,0.08,0.34,0.17,1
566,0,0.327,0.52,0,0.52,1
3213,0.793,0.346,0.33,1.01,0.46,1
447,0.305,0.249,0.18,0,0.18,1
574,0.014,0.099,0.08,0.34,0.17,1
67,0.475,1.9,0,0,0,1
496,0.053,0.053,0,0,0,1
998,0.197,1.248,0,0.37,0.37,1
54,0,0.107,0,0,0,1
56,0,0.411,0,0,0,1
725,1.33,5.924,0.09,0,0.09,1
99,0,0.123,0.38,0,0,1
30,0.597,0.298,0,3.17,0,1
330,0,0.424,0,0,0,1
99,0,0.123,0.38,0,0,1
766,0.073,0.25,0,0.19,0.06,1
208,0.122,0.061,0.37,0,0.74,1
118,0.211,0.705,0,0,0,1
344,5.3,0.904,0.82,0.41,1.24,1
1645,0.111,0.431,0.04,0.29,0,1
344,5.3,0.904,0.82,0.41,1.24,1
85,0,0,1.42,0,0,1
314,0,0.555,0,0,0,1
50,0.087,0.174,0,0.48,1.44,1
3160,0.858,0.328,0.34,0.99,0.47,1
170,0,1.562,0,0,0,1
189,0.259,1.208,0,1.59,0.53,1
114,0.549,0.48,0.41,0,1.24,1
200,0.345,1.208,0,0,0,1
200,0.345,1.207,0,0,0,1
1000,0.196,1.246,0,0.37,0.37,1
711,0.141,1.275,0.51,0.17,0.34,1
477,0.061,0.371,0.12,0,0,1
83,0,0.08,0,0,0,1
3059,0.78,0.329,0.34,1.02,0.47,1
122,0,0.138,0,0,0,1
40,0,1.939,0,0,0,1
40,0,1.947,0,0,0,1
40,0,1.949,0,0,0,1
477,0.189,0.586,0,0.39,0.19,1
91,0.062,0.503,0.34,0.34,1.03,1
435,0.182,0.136,0,0,0.27,1
84,0.692,0,0,0,0,1
475,0.061,0.371,0.12,0,0,1
301,0,0.331,0,0,0,1
485,0.155,1.634,0.74,0.24,0.49,1
259,0.103,0.619,0.6,0,0,1
224,0.217,0.795,0.46,0,0,1
132,0,2.362,0,0,0.67,1
288,0.147,0.294,0,0,0,1
190,0.312,0.625,0.49,0,0,1
81,0,0,0,0,0,1
114,0,1.473,0,0,0,1
194,0.349,1.135,0,0,0,1
795,0.168,0.13,0.23,0,0.23,1
70,0,0.441,0,0,0,1
249,0.248,0.496,0,0.47,0,1
70,0,0.441,0,0,0,1
255,0.184,0.036,0.24,0.48,0,1
234,0,0,0,0,0,1
132,0,2.413,0,0,0.67,1
359,0,0,0,0,0,1
359,0,0,0,0,0,1
3016,0.734,0.311,0.31,0.97,0.43,1
40,0,0.909,0,0,0,1
1351,0.158,0.49,0.1,0.6,0.1,1
286,0.147,0.294,0,0,0,1
194,0.347,1.217,0,0,0,1
20,0,0,0,0,0,1
73,0,0.434,0,0,0,1
25,0,0.462,0,0,0,1
3029,0.784,0.344,0.34,1.11,0.47,1
143,0,0.706,0,0,0,1
450,1.357,0.327,0.23,0,0,1
441,0.349,0,0,1.28,0,1
92,0,0.416,0,0,0,1
361,0,1.434,0.29,0,0,1
247,0.251,0.502,0,0.48,0,1
238,0.252,0.421,0,0.48,0,1
234,0.254,0.677,0,0.49,0,1
78,0,0.105,0,0,0.72,1
3033,0.754,0.318,0.31,1,0.45,1
59,0,0.924,0,0,1.17,1
135,0,0.093,0.64,0,0,1
135,0,0.093,0.64,0,0,1
135,0,0.093,0.64,0,0,1
418,0.044,0,0,0,0,1
426,0.345,0.345,0.2,0.62,0.41,1
79,0,0,0,0,0,1
3043,0.79,0.331,0.34,1.1,0.47,1
78,0,0.464,0,0,0,1
186,0.501,0.055,0.63,0.31,0,1
195,0.347,1.13,0,0,0,1
78,0,0.464,0,0,0,1
107,0,0.443,0,0,0,1
414,0,0,0,0,0.17,1
222,0.336,0.112,0,0,0,1
62,0,0,0,0,0,1
195,0,0.693,0.12,0,0,1
877,0.233,0.405,0.29,0.09,0.19,1
161,0.188,0.754,0,0,0,1
305,0.061,0.427,1.09,0.36,0.73,1
425,0,0,0,0,0,1
329,0.045,0.06,0.09,0,0,1
197,0.3,0.6,0,0.84,0,1
197,0.3,0.6,0,0.84,0,1
207,0.116,0.116,0,0,0,1
174,0.613,0,0,0,0,1
171,0,0.298,0,0,0,1
171,0,0.077,0,0,0,1
142,0,0,0,0,0,1
202,0.34,1.191,0,0,0,1
249,0.121,0.729,0.72,0,0,1
249,0.129,0.776,0.84,0,0,1
249,0.121,0.729,0.72,0,0,1
505,0.8,0.64,0,2.04,0,1
1107,0.186,0.13,0.34,0.17,0.34,1
103,0,1.417,0.71,0,0.71,1
51,0.103,0.515,0,0,0.65,1
84,0,0.23,0,0,0,1
166,0,0.492,0,0,0,1
25,0,0.233,0,0,0,1
135,0.064,0.645,0,0,0,1
140,0.37,0.444,0,2.2,0.44,1
281,0.116,0.701,0.69,0,0,1
140,0.37,0.444,0,2.2,0.44,1
140,0.37,0.444,0,2.2,0.44,1
142,0.37,0.444,0,2.2,0.44,1
83,0.088,0.443,0,0,0,1
1351,0.158,0.49,0.1,0.6,0.1,1
146,0,1.424,0,0,0,1
1351,0.158,0.49,0.1,0.6,0.1,1
617,0.721,0.25,0.17,0,0.17,1
138,0,0.875,0,0,0,1
98,0.729,1.276,0,0.52,0,1
458,0.163,0.02,0.05,0.75,0.17,1
336,0.716,0.342,0.17,0,0.17,1
42,0,0.415,0,0,0,1
1214,0.175,0.307,0.2,0.1,0.1,1
142,0.105,0.157,0,0.34,0,1
475,0.061,0.371,0.12,0,0,1
475,0.061,0.37,0.12,0,0,1
1689,0.207,0.569,0.68,0.58,0.29,1
1516,0.199,0.548,0.72,0.62,0.31,1
212,0,0,0,0,0,1
106,0,0,0,0,0,1
458,0.163,0.02,0.05,0.75,0.17,1
188,0.105,0.263,0,0,0,1
1514,0.199,0.548,0.72,0.62,0.31,1
993,0.548,0.174,0.39,0.19,0,1
114,0,0,0,0,0,1
724,1.334,5.942,0.1,0,0.1,1
112,0.256,0.64,0.39,1.19,0.39,1
115,0,0.392,0,0,0,1
405,0,0.463,0,0,0,1
188,0,0.471,0,0,0,1
106,0,1.492,0,0,0,1
263,0.231,0,0,0,0.44,1
201,0.08,0.484,0,0.55,0,1
229,0,0.21,0,0,0,1
123,0,0.159,0,0,0,1
42,0,0,0,0,0,1
32,0.48,0.48,0,0,0,1
81,0,0.27,0,0,0,1
81,0,0.269,0,0,0,1
504,0.233,0.155,0.83,0.47,0.59,1
1375,0.243,0.271,0.17,0.95,0.17,1
1042,0.391,0.994,0.3,0,0.1,1
215,0,0.647,0,0,0.22,1
1200,0.174,0.334,0.2,0.1,0.1,1
281,0.195,0.845,0,0,0.49,1
135,0,0.233,0,0,0,1
152,0.11,0.331,0,0.62,0,1
62,0,0.564,0.9,0,0.9,1
145,0,0.044,0,0,0,1
464,0,0.269,0.47,0,0,1
3313,0.15,0.268,0.57,1.14,0.54,1
3327,0.15,0.273,0.57,1.14,0.54,1
341,0.093,2.001,0,0,0.27,1
85,0.354,0,0,0,0,1
3220,0.065,0.013,0.17,0.1,0.1,1
667,0.191,0.271,0.41,0.16,0.49,1
164,0.128,0.085,0.54,0,0,1
632,0.316,0.765,1.38,0,1.18,1
45,0,0.203,0,0,0,1
819,0.221,0.069,0.18,0.33,0.33,1
81,0.198,0.198,0,0,0,1
222,0.094,0,0.78,0,0,1
328,0,0.222,0.34,0,0,1
45,0,0,0,0,0,1
557,0,0.594,0,0,0,1
339,0.094,1.282,0,0,0.28,1
343,0.051,0.103,0,0,0.3,1
78,0,0,1.88,0,0,1
25,0,0.537,6.66,0,0,1
78,0,0,1.88,0,0,1
25,0,0.537,6.66,0,0,1
78,0,0,1.88,0,0,1
25,0,0.537,6.66,0,0,1
381,0.066,0.016,0,0.74,0,1
74,0.347,0.486,0,1.92,0,1
157,0.242,1.089,0,1.36,0,1
217,0.149,0.373,0,0,0,1
903,0.099,0,0.17,0,0,1
69,0,0.684,0,0,0,1
328,0,0.14,0,0,0,1
75,0,3.427,0,0,0,1
535,0.032,0.257,0.09,0.36,0.09,1
478,0.229,0.104,0.98,0.49,0.73,1
478,0.229,0.104,0.98,0.49,0.73,1
81,0.352,0.176,0,0,0,1
667,0.021,0.414,1.46,0,0.66,1
566,0.014,0.029,0.09,0.36,0.18,1
272,0,0.261,0.38,0,0,1
215,0.088,0,0,0,0,1
131,0.478,0.095,0,1.59,0,1
1509,0.197,0.434,0.11,0.59,0,1
140,0.24,0.24,0,1.42,0,1
1655,0.066,0.232,0,0,0,1
1426,0.16,0.336,0.2,0.4,0.1,1
2424,0.496,0.381,0.46,0.5,0.39,1
318,0.107,1.178,0,0,0.32,1
1426,0.16,0.336,0.2,0.4,0.1,1
1407,0.117,0.403,0.08,0.85,0.08,1
753,1.31,5.836,0.09,0,0.09,1
17,0,0,0,0,0,1
1439,0.16,0.352,0.2,0.4,0.1,1
121,0,0.926,0,0,0,1
104,0,0.238,0,0,0,1
2049,0.157,0.502,0.08,0.42,0,1
2045,0.157,0.518,0.08,0.42,0,1
41,0.176,0.176,0,2.1,0,1
122,1.023,1.023,0,0,0,1
1458,0.155,0.31,0.19,0.39,0.09,1
79,0.416,0.208,0,1.11,0,1
125,0.086,0.086,0,0.55,0,1
488,0.045,0.045,0,0,0,1
595,0.231,0.925,0.49,0,0.65,1
205,0.08,0.728,0,0,0,1
38,0.086,0.26,0,0,0,1
87,0,3.79,0,1.85,0,1
235,0.057,0.057,0,0,0,1
553,0.221,0.177,0.42,0,0,1
210,0.097,0,0,0.6,0,1
292,0.165,0.563,0,0,0,1
42,0,0.164,0,0,0,1
115,0,0.178,0,0.72,0,1
65,0,0.561,0,0,0,1
2501,0.515,0.345,0.52,0.32,0.42,1
167,0,0.053,0,0,0,1
3752,1.611,0,0,0,0,1
11,0,0.872,0,0,0,1
15,0,7.333,0,0,0,1
326,0.05,0.083,0.14,0,0.29,1
479,0.224,0.102,0.96,0.72,0.6,1
226,0.067,0.941,0,0,0.43,1
135,0,0.21,0,0,0,1
234,0.046,0.42,0,0,0.29,1
254,0.042,0.042,0,0,0.12,1
113,0,0.109,0,0,0,1
155,0.218,2.295,0,0,0.62,1
241,0.402,0.443,0,0.52,0,1
40,0,0,0,0,0,1
44,0,2.695,0,0,0,1
1078,0,0.378,0,0,0,1
44,3.26,0,0,0,0,1
225,0.041,0.082,0,0,0.25,1
270,0.997,0.407,0.25,1.25,0.25,1
99,0,0.061,0.7,0,0,1
174,0,0.179,0,0,0,1
249,0.434,0.514,0,0.77,0,1
60,0,0.99,0,0,0,1
78,0.188,0,0,0,0,1
3210,0.868,0.391,0.51,1.03,0.49,1
34,0,0.769,0,0,0,1
13,0,1.647,0,0,0,1
80,0.342,0.171,0,0,0,1
148,0,0.152,0.19,0,0,1
159,0,0.156,0,0,0,1
3318,0.03,0.046,0,0.17,0,1
1351,0.157,0.488,0.1,0.6,0.1,1
288,0.885,0.797,0,0,0,1
133,0,0.936,0,0,0,1
136,0.301,2.865,0,0,0.84,1
248,0.499,0.458,0,0.76,0,1
82,0.353,0,0,0,0,1
1407,0.117,0.403,0.08,0.85,0.08,1
69,0,0.273,0,0,0,1
102,0.085,0.171,0.58,0,0,1
3084,1.05,0.678,0.77,0.56,0.74,1
319,0.106,1.174,0,0,0.32,1
753,1.31,5.836,0.09,0,0.09,1
113,0,0,0,0,0,1
118,0,0.824,0,0,0,1
50,0.154,0.464,0,0,0,1
81,0.197,0,1.14,0,0,1
79,0.34,0.51,0,0,0,1
166,0.272,0,0.4,1.62,0,1
74,0.315,0.105,0.6,0,0.6,1
578,0.161,0.161,0,0,0.25,1
1070,0.241,0.439,0.76,0.44,0.76,1
513,0.799,0.621,0,4.76,0,1
119,0.194,0.129,0.42,0,0,1
73,0.322,0.107,0.62,0,0.62,1
1161,0.06,0.06,0,0,0.33,1
116,0,0.834,0,0,0,1
380,0.206,0,0.07,1,0.14,1
479,0.205,0.102,0.96,0.72,0.6,1
851,0.406,0.53,0,0,0.2,1
30,0,1.048,0,0,0,1
2218,0.486,0.324,0.46,0.46,0.35,1
1029,0.206,0.275,0.3,0.9,0.3,1
108,0.279,0.559,0,0,0,1
872,0.232,0.402,0.29,0.09,0.19,1
138,0,0.899,0.71,0,0,1
896,0.225,1.051,0.3,0.76,0.15,1
150,0,0.05,0,0,0,1
771,0,0.591,0,0,0.09,1
40,0,0.202,0,0,0,1
149,0,0.29,0,0,0,1
36,0,1.169,0,0,0,1
80,0,0.653,0,0,0,1
189,0,0.348,1.4,0.35,0.7,1
87,0,1.443,0,0,0,1
78,0,0.361,0,0,0,1
137,0,0.416,0,0,0,1
36,0,1.524,0,0,0,1
1643,0.164,0.413,0.6,0.44,0.32,1
76,0,0.407,0,0,0,1
341,0.221,0.554,0.28,0,0.28,1
1148,0.059,0.374,0.38,0,0.09,1
190,0.302,0,0,0.2,0,1
1144,0.147,0.294,0,0,0,1
160,0.121,0.609,0.38,1.16,0,1
158,0.29,0,0.32,0.98,0,1
195,0,3.907,0,0.87,0,1
1133,0.056,0.352,0.4,0,0.1,1
617,0.131,0.149,0.8,0.05,0.35,1
1365,0.154,0.417,0.19,0.59,0,1
89,0,0.829,0,0.61,0.61,1
59,0.291,0.145,0,0,0,1
16,0,0.328,0,0,0,1
981,0.261,0.358,0.34,0.08,0,1
1214,0.067,0.308,0.17,0.17,0.17,1
359,0.029,0.234,0.53,0,0.71,1
543,0.037,1.045,0,0,0,1
40,0,1.094,4.16,0,0,1
506,0,0.033,0,0,0,1
578,0.496,0.451,0.54,0.27,0.27,1
333,0.232,0,0.08,1.14,0.16,1
55,0.208,0,1.29,0,0,1
15841,0,0,0,0,0.19,1
303,0.015,0.045,1.36,0.09,0.19,1
31,1.219,0,0,0,0,1
65,0.062,0.312,0,0,0,1
473,0.481,1.765,0,0,0.86,1
107,0.182,0.365,0,0,0,1
899,0,0.124,0,0,0.76,1
319,0.388,0.485,0,0.94,0,1
97,0.255,0.767,0,0,0,1
135,0,0.046,0,0,0.52,1
217,0.23,1.306,0,1.42,0.47,1
242,0.306,0.536,0,0.47,0,1
183,0.239,1.118,0,1.48,0.49,1
93,0.787,1.181,0,1.19,0,1
36,0.267,0.802,0,0,1.63,1
539,0.058,0.019,0.16,0.21,0.27,1
69,0,0,0,0,0.33,1
666,0.151,1.289,0,0,0.23,1
72,0.212,0,0,0,0,1
419,0.058,0.117,0,0.35,0,1
139,0,0,0,0,0,1
375,0,0.502,0,0,0,1
124,0.361,1.566,0,0.8,0.8,1
104,0,0,0,0,0,1
305,0,0.709,0,0,0,1
77,0,0,0,0,0,1
107,0.222,1.777,0,0,0,1
218,0.218,0.218,0,1.44,0.28,1
616,0,0.031,0,0,0,1
69,0.213,0.426,0,0,0,1
781,0.143,0.458,0.33,0,0.16,1
261,0,0.199,0,0.41,0,1
94,0.17,0.17,0,0,0,1
17,0,0,0,0,0,1
66,0.212,0.424,0,0,0,1
966,0.312,0.768,0.7,0.07,0.49,1
94,0.17,0.17,0,0,0,1
160,0,1.351,0,0,0,1
85,0,1.413,0,0,0,1
180,0,2.412,0,0,0,1
721,0.05,0.252,0.33,0.49,0,1
387,0,0.495,0,0,0,1
109,0.136,0,0,0,0,1
126,0,0.398,0,0,0.63,1
45,6.003,0,0,1.12,0,1
61,0.208,0.417,0,0,0,1
801,0.067,0.698,0.3,0,0.15,1
16,0,0,0,0,0,1
165,0.027,0.622,0.32,0,0.16,1
16,0,0,0,0,0,1
46,0,0.326,0,0,0,1
3498,0.165,0.639,0.84,0.34,0.87,1
49,0,0,0,0,0,1
121,0.273,0.91,0,0.56,0.56,1
264,0.023,0,0.07,0,0.07,1
180,0.26,1.216,0,1.62,0.54,1
186,0,1.36,0,0,0,1
41,0,0.067,0.41,0,0.41,1
217,0.024,0.558,0.29,0,0.14,1
1244,0.21,0.105,0,1.48,0,1
575,0.014,0.098,0.08,0.34,0.17,1
798,0.224,0.775,1.11,0.11,0.22,1
297,0,0.197,0,0,0.58,1
2288,0.186,0.262,0.32,0,0.26,1
153,0.15,1.131,0.44,0,0.44,1
179,0,0.942,0.43,0,0.43,1
38,0,1.554,0,0,0,1
10,0,0,0,0,0,1
63,0.215,0,0,0,0,1
191,0,1.212,0,0,0,1
566,0,0.326,0.52,0,0.52,1
159,0.075,0.05,0,0.16,0.32,1
72,0,0,0,0,0,1
190,0.135,0.067,0,0.78,0.58,1
48,0,0.211,0,0,0,1
23,0,0,0,0,0,1
82,0,0.952,0,0,0,1
94,0,0.74,0,0,0,1
162,0,0,0,0,0,1
72,0,1.405,0,0,0,1
1590,0.592,0.435,1.08,0.31,0.5,1
771,0,0.591,0,0,0.09,1
329,0.598,2.395,1.07,1.07,0,1
530,0,0.199,0,0,0,1
158,0.295,0.073,0,0,0,1
287,0,1.232,0,0,0,1
530,0,0.199,0,0,0,1
57,0,0.963,0,0,0,1
921,0.191,0.438,0.77,1.35,0.77,1
243,0.083,0.166,0,0,0,1
1345,0.211,0.225,0.08,0.79,0.17,1
468,0.068,0,0.26,0,0.13,1
134,0,0,0,0,0,1
29,0,0.675,0,0,0,1
363,0.075,1.285,0,0,0,1
190,0.135,0.067,0,0.78,0.58,1
112,0.105,0,0,0,0,1
104,0,0.238,0,0,0,1
80,0.35,0,0.38,0.76,0,1
311,0,0.356,0,0,0.99,1
125,0.698,2.295,0.52,1.05,0.52,1
196,0.03,0.36,0.32,0,0.08,1
21,0,0.147,0,0,0,1
150,0,0.881,5.98,0,0.85,1
921,0.191,0.438,0.77,1.34,0.77,1
87,0,3.768,0,1.85,0,1
129,0,0,0,0,0,1
1500,0.152,0.37,0.6,0.36,0.32,1
524,0.045,1.147,0,0.28,0.28,1
185,0.716,0.102,0.6,0,0,1
771,0,0.591,0,0,0.09,1
1484,1.269,0.031,0,0,0,1
640,0.121,0.145,0.74,0.04,0.32,1
216,0.05,0.381,0.28,0.14,0.14,1
219,0.05,0.379,0.27,0.13,0.13,1
508,0.086,0,0,0,0.34,1
921,0.191,0.438,0.77,1.35,0.77,1
1613,0.139,0.334,0.76,0.29,0.4,1
185,0.72,0.102,0.6,0,0,1
922,0.191,0.437,0.77,1.34,0.77,1
240,0.116,0.116,0,0.64,0.32,1
208,0.196,0.056,0,0,0,1
127,0,1.627,0,0,0,1
921,0.191,0.438,0.77,1.35,0.77,1
898,0.215,1.003,0.29,0.73,0.14,1
898,0.215,1.004,0.29,0.73,0.14,1
170,0.027,0,0,0,0,1
228,0,0,0,0,0,1
145,0,0,0,0,0,1
504,0,0.016,0,0,0,1
93,0,0.293,0.59,0,0,1
921,0.191,0.438,0.77,1.34,0.77,1
1123,0.056,0.709,0.43,0.08,0.43,1
125,0,0,0,0,0,1
313,0.133,0.535,0.85,0,0.85,1
95,0,0,0,0,0,1
160,0.12,0.601,0.38,1.16,0,1
80,0,0.986,0,0,0,1
1444,0.064,0.364,0,0.13,0,1
3498,0.165,0.638,0.84,0.34,0.87,1
533,0.128,0.472,0,0.27,0,1
129,0.052,0.105,1.2,0,0.4,1
10,0,3.076,9.09,0,4.54,1
122,0.932,0.699,0,0,0,1
106,0,0,0,0,0,1
137,0,0.403,0,0,0,1
608,0.197,0.474,0.27,0.13,0.4,1
481,0,0,0,0,0,1
492,0,0,0,0,0,1
505,0,0,0,0,0,1
814,0.222,0.412,0.29,0.09,0.19,1
3498,0.165,0.639,0.84,0.34,0.87,1
34,0.862,0,0,0,0,1
51,0,0,0,0,0,1
303,0.18,0.432,0,0,0.21,1
352,0,0.606,0,0,0,1
728,0.114,0.659,0.22,0,0.22,1
53,0,0,0,0,0,1
45,0,0,0,0,0,1
728,0.114,0.659,0.22,0,0.22,1
1609,0.609,0.05,0,0.21,0.1,1
110,0,0,0,0,0,1
133,0.149,0.298,0,1.31,0.43,1
1123,0.056,0.709,0.43,0.08,0.43,1
196,0,0.353,1.41,0.35,0.7,1
3303,0.42,0.345,0.56,0.31,0.43,1
990,0,0.061,0,0,0,1
746,0.234,0.234,0.12,0.48,0,1
617,0.131,0.149,0.8,0.05,0.35,1
184,0.16,0.64,0,0,0,1
100,0,0,0,0,0,1
137,0.41,0.82,0,0.45,0,1
353,0.794,0.855,0.4,4.01,0.4,1
3214,0.065,0.006,0.17,0.1,0.1,1
2062,0.109,0.522,0.28,0.46,0.14,1
379,0,0,0,0,0,1
897,0.378,0.523,0.5,0,0.33,1
158,0.29,0,0.32,0.98,0,1
67,0,0.193,0,0,0,1
532,0.084,0.028,0,0,0.33,1
292,0,0,0,0,0,1
186,0.095,1.429,0,0,0,1
461,0.291,1.021,0.24,0,0,1
168,0.228,0.228,0,0,0,1
186,0.025,0.615,0.3,0,0.15,1
3525,0.145,0.538,0.34,0.39,0.13,1
99,0,0,0,0,0,1
126,0,0,0,0,0,1
47,0.302,0.151,0,0,0,1
161,0,0,0,0,0,1
712,0.255,0.751,1.14,0.49,0.98,1
400,0.229,0.919,0.22,0.45,0,1
32,0,0.309,0,0,0,1
1575,0.265,0.449,0.26,0.39,0.26,1
979,0.261,0.358,0.34,0.08,0,1
469,0,0.764,0.43,0,0.14,1
981,0.261,0.358,0.34,0.08,0,1
886,0,0.555,0.26,0.53,0,1
49,0,0.192,0,0,0,1
92,0,0,0,0,0,1
253,0.061,0.493,0,0,0,1
95,0,5.555,0,0,0,1
162,0,0,0,0,0,1
755,1.284,5.803,0.09,0,0.09,1
352,0.364,0.273,0.55,0.55,0,1
1360,0.104,0.733,0.46,0.58,0.58,1
208,0.029,0,0,0,0,1
42,0,0,0,0,0,1
111,0.077,0.544,0,0,0.49,1
33,0,0,0,0,0,1
247,0.085,0,0.29,0,0,1
396,0,1.385,0.28,0,0,1
7,0,0,0,0,0,1
713,0.255,0.845,1.14,0.49,1.06,1
966,0.254,0.353,0.35,0.08,0,1
701,0.256,0.736,1.14,0.49,0.98,1
1360,0.104,0.733,0.46,0.58,0.58,1
78,0,0,0,0,0,1
255,0,0,0,0,0.41,1
13,0,0,0,0,0,1
968,0.254,0.353,0.35,0.08,0,1
118,0,0,0,0,0,1
153,0,0,0,0,0,1
186,0,0,0,0,0,1
768,1.308,5.828,0.09,0,0.09,1
1163,0.266,0.319,0.29,0.58,0.36,1
240,0,0,0,0,0,1
45,0.291,0.145,0,0,0,1
1449,0.421,0.441,0.34,0.56,0.17,1
61,0,0,0,0,0,1
929,0.25,0.444,0.26,0.08,0,1
43,0.465,0.232,0,0,0,1
237,0.206,0.412,0,0.6,0,1
106,0,0,0,0,0,1
241,0,0,0,0,0,1
208,0,0.037,0,0,0,1
112,0.11,0,0,0,0,1
112,0.111,0,0,0,0,1
26,0,0.11,0,0,0.7,1
384,0.106,0.996,0,0,0.2,1
41,0.271,0.543,0,1.44,0,1
603,0,0.034,0,0,0,1
84,0,0,0,0,0,1
447,0.265,0,0.49,0,0,1
2379,0.529,0.433,0.59,0.48,0.4,1
79,0,0.757,0,0,0,1
115,0,1.44,0,0,0,1
78,0,0.785,0,0,0,1
113,0,1.461,0,0,0,1
1043,0.397,1.01,0.3,0,0.1,1
186,0.025,0.615,0.3,0,0.15,1
82,0,1.55,0,0,0,1
118,0,1.765,0,0,0,1
239,0,0.694,0,0.47,0,1
877,0.233,0.404,0.29,0.09,0.19,1
41,0.271,0.542,0,1.44,0,1
72,0,0.896,0,0,0,1
27,0,0,0,0,0,1
56,0,0,0,0,0,1
181,0,0.518,0,0,0,1
108,0,0,0,0,0,1
19,0,1.149,0,0,0,1
196,0,0.638,0,0.55,0.27,1
31,0,0,0,0,0,1
211,0,0.225,0,0,0,1
10062,1.785,1.542,0,0,0,1
1042,0.396,0.975,0.3,0,0.1,1
565,0.258,1.466,0,0,0,1
153,0.207,0.552,1.61,0,0,1
183,0.067,0.067,0,0,0.22,1
700,0.183,0,0.3,0,0.07,1
446,0.267,0,0.5,0,0,1
742,0.303,0.212,0,3.62,0.19,1
93,0.223,0.223,0.74,0,0,1
4,0,0,0,0,0,1
1339,0.242,0.256,0.17,0.95,0.17,1
717,0.467,0.175,0.48,0,0.96,1
93,0,0.305,0,0,0,1
756,1.309,5.831,0.09,0,0.09,1
95,0,0.309,0,0,0,1
143,0.06,0.241,0,0,0,1
1466,0.228,0.241,0.16,0.9,0.16,1
99,0,2.152,0,0,0,1
727,0.43,0.43,0.48,4.32,0,1
1478,0.134,0.43,0.18,0.55,0,1
97,0,0.124,0.4,0,0,1
30,0,0,0,0,0,1
28,0,0,0,0,0,1
501,0.128,0.96,0.43,0,0,1
69,0,2.354,0,0,0,1
164,0.979,0.445,0.5,0.5,0,1
344,0.093,1.029,0,0,0.27,1
3498,0.165,0.639,0.84,0.34,0.87,1
147,0,1.363,0,0,0,1
186,0,0,0,0,0.71,1
858,0.104,0.156,0,0,0.33,1
1603,0.075,0.263,0.21,0.21,0.42,1
225,0.536,1.431,1.01,1.51,0,1
53,0.154,0.928,0,0.86,0.86,1
319,0.015,0.094,0.08,0,0.25,1
344,0.093,1.023,0,0,0.27,1
150,0,0,0,0,0,1
52,0,0.297,0,0,0,1
1351,0.157,0.488,0.1,0.6,0.1,1
318,0,0.095,0.41,0.52,0.2,1
177,0.928,0.433,0,1.47,0,1
608,0,0.123,0,0,0.15,1
133,0.164,2.306,0.93,0,0.93,1
430,0.133,1.103,0.45,0,0,1
1118,0.141,0.329,0.54,0,0,1
325,0.088,0.661,0.38,0,0.76,1
79,0.207,0.207,0,0,0,1
63,0.116,1.16,0,0,0,1
79,0.207,0.207,0,0,0,1
78,0,3.588,0,0,0,1
55,0.429,0.6,0,0,0,1
168,0.049,0,0,0.29,0,1
96,0.238,0.238,0.68,0.68,0,1
1351,0.157,0.488,0.1,0.6,0.1,1
227,0.23,0.057,0,2,0,1
182,0,0,0,0,0,1
74,0.192,0.64,0.79,1.18,0.39,1
258,0,0.51,0.38,0,0,1
101,0,0.082,0,0,0,1
1003,0.032,0.887,0.1,0,0,1
5902,0.022,0.022,0,0,0,0
26,0,0.149,0,0,0,0
3,0,0,0,0,0,0
65,0,0.262,0,0,0,0
1866,0,0,0,0,0,0
35,0,0,0,0,0,0
150,0,0,0,0,0,0
1,0,0,0,0,0,0
28,0,0.393,0,0,0,0
16,0,0.729,0,0,0,0
791,0,0.149,0,0,0,0
83,0,0,0,0,0.9,0
26,0,0,0,0,0,0
709,0.032,0,0,0,0.08,0
27,0,0,0,0,0,0
50,0,0,0,0,0,0
16,0,0.546,0,0,0,0
122,0,0.115,0,0,0,0
28,0,0,0,0,0,0
13,0,0.375,0,0,0,0
113,0,0,0,0,0,0
114,0,0.282,0,0,0,0
843,0.026,0.044,0.42,0.06,0.18,0
12,0,0,0,0,0,0
45,0,0,0,0,0,0
8,0,0,0,0,0,0
21,0,0,0,0,0,0
7,0,1.315,0,0,0,0
72,0,0,0,0,0,0
49,0,0.313,0,0,0,0
20,0,0,0,0,0,0
89,0,0,0,0,0,0
23,0,0,0,0,0,0
123,0,0,0,0,0,0
1995,0,0.033,0,0,0.08,0
25,0,0,0,0,0,0
433,0.071,0,0,0,0,0
20,0,0,0,0,0,0
723,0,0.161,0,0,0,0
16,0,0.684,0,0,0,0
11,0,0.211,0,0,0,0
147,0,0.068,0,0,0,0
41,0,0,0,0,0,0
242,0,0.072,0,0,0.29,0
158,0,0.045,0,0,0.26,0
68,0,0.301,0,0,0,0
11,0,0,0,0,0,0
11,0,0,0,0,0,0
14,0,0.613,0,0,0,0
8,0,3.048,0,0,0,0
90,0,0,0,0,0,0
21,0,0,0,0,0,0
19,0,0.725,0,0,0,0
535,0.031,0,0,0,0.11,0
107,0,0.048,0,0,0.67,0
2078,0.006,0,0,0,0.02,0
66,0,0.08,0,0,0.51,0
71,0,0.061,0,0,0,0
423,0.027,0,0,0,0,0
683,0,0.117,0,0,0,0
130,0,0.123,0,0,0,0
10,0,0,0,0,0,0
1064,0,0,0,0,0,0
40,0,0.091,0,0,0,0
39,0,0,0,0,0,0
27,0,0.24,0,0,0,0
97,0,0,0,0,0.3,0
27,0,0.218,0,0,0,0
24,0,0,0,0,0,0
26,0,0,0,0,0,0
59,0.103,0.31,0,0,0,0
617,0.085,0,0,0,0,0
693,0,0,0,0,0,0
220,0.033,0,0,0,0.07,0
11,0,1.886,0,0,0,0
112,0.08,0,0,0,0,0
4,0,0,0,0,0,0
68,0,0,0,0,0,0
357,0,0,0,0,0,0
120,0,0,0,0,0,0
329,0,0,0,0,0,0
971,0,0.042,0,0,0.11,0
496,0,0,0,0,0,0
566,0,0.052,0,0,0,0
164,0,0,0,0,0,0
56,0,0,0,0,0,0
11,0,0,0,0,0,0
4,0,0,0,0,0,0
496,0,0,0,0,0,0
11,0,0,0,0,0,0
115,0,0,0,0,0,0
137,0,0,0,0,0,0
654,0,0.02,0,0,0,0
15,0,0,0,0,0,0
68,0,0,0,0,0,0
24,0,0,0,0,0,0
168,0,0,0,0,0,0
94,0,0,0,0,0.31,0
185,0,0.074,0,0,0,0
138,0,0,0,0,0.32,0
11,0,0,0,0,0,0
1026,0,0.073,0,0.05,0.15,0
16,0,0,0,0,0,0
166,0,0,0,0,0,0
2954,0.005,0.008,0,0.01,0.07,0
1655,0.012,0,0.08,0,0.16,0
22,0,0.17,0,0,1,0
77,0,0,0,0,0,0
206,0,0,0,0,0,0
27,0,0.239,0,0,0,0
29,0,0,0,0,0,0
142,0.121,0.202,0.69,0,0.23,0
15,0,0,0,0,0,0
84,0,0,0,0,0,0
35,0,0,0,0,0,0
71,0,0.148,0,0,0,0
53,0,0,0,0,0,0
76,0,0,0,0,0,0
129,0.313,0.313,0,0,0,0
72,0,0,0,0,0,0
536,0,0,0,0,0,0
158,0,0.125,0,0,0,0
98,0,0.045,0,0,0,0
875,0.016,0,0,0,0.05,0
110,0,0.372,0,0,0,0
146,0,0.413,0,0,0.25,0
24,0,0.214,0,0,0,0
45,0,0.448,0,0,0,0
15,0,1.234,0,0,0,0
59,0,0,0,0,0,0
45,0,0.165,0,0,0,0
6,0,0,0,0,0,0
81,0,0,0,0,0,0
92,0,0,0.42,0,0,0
30,0,0,0,0,0,0
17,0,0,0,0,0,0
16,0,0.724,0,0,0,0
378,0,0,0,0,0,0
462,0,0,0,0,0,0
446,0.052,0,0,0.13,0,0
38,0,0,0,0,0.62,0
74,0,0,0,0,0.67,0
69,0,0.151,0,0,0.42,0
59,0,0,0,0,0,0
88,0,0,0,0,0,0
46,0,0.167,0,0,0,0
47,0,0,0,0,0,0
104,0,0,0,0,0,0
836,0.028,0.047,0,0,0.06,0
34,0,0,0,0,0,0
388,0,0.03,0,0,0,0
31,0,0,0,0,0,0
4,0,0,0,0,0,0
12,0,0,0,0,0,0
66,0,0,0,0,0,0
93,0,0,0,0,0,0
693,0,0.134,0,0,0.22,0
15,0,0.161,0,0,0,0
60,0.094,0.284,0,0,0,0
481,0.036,0,0,0,0.13,0
1583,0.011,0,0,0,0.08,0
156,0,0,0,0,0,0
1463,0.013,0,0,0,0.09,0
25,0,0,0,0,1.14,0
24,0,0,0,0,0,0
562,0.013,0,0,0.1,0.2,0
195,0,0,0,0,0,0
60,0,0,0,0,0,0
129,0,0.37,0,0,0.81,0
35,0,0,0,0,0,0
517,0,0,0,0,0.54,0
32,0,0.111,0,0,0.56,0
123,0.126,0.063,0.72,0,0.36,0
12,0,0,0,0,0,0
20,0,0,0,0,0,0
675,0,0,0,0,0.27,0
13,0,0,0,0,0,0
167,0,0,0,0,0.84,0
9,0,0,0,0,0,0
44,0,0,0,0,0,0
187,0.365,0,0,0,0,0
36,0,0.176,0,0,1.02,0
104,0,0,0,0,0,0
12,0,0,0,0,0,0
79,0,0.127,0,0,0,0
14,0,0,0,0,0,0
143,0,0,0,0,0,0
55,0,0.179,0,0,0,0
17,0,0,0,0,0,0
65,0.142,0,0,0,0,0
8,0,0,0,0,0,0
86,0,0.065,0,0,0.46,0
146,0,0,0,0,0,0
161,0,0,0,0,0,0
216,0,0,0,0,0,0
31,0,0,0,0,0.85,0
158,0,0,0,0,0,0
141,0,0,0,0,0.39,0
43,0,0.141,0,0,0,0
183,0,0,0.58,0,0,0
194,0,0,0,0,0,0
1506,0,0,0,0,0,0
305,0,0,0,0,0.3,0
611,0,0.376,0,0,0,0
142,0,0,0,0,0,0
167,0,0,0,0,0,0
36,0,0,0,0,0,0
95,0,0,0,0,0,0
196,0.129,0,0,0,0,0
15,0,0,0,0,0,0
84,0,0,0,0,0.35,0
19,0,0,0,0,0,0
15,0,0,0,0,0,0
162,0,0,0,0,0,0
172,0,0,0,0,0.36,0
82,0,0,0,0,0,0
16,0,0,0,0,0,0
75,0,0,0,0,0,0
6,0,0,0,0,0,0
88,0,0,0,0,0,0
72,0,0,0,0,0,0
21,0,0,0,0,0,0
207,0,0,0,0,0,0
236,0,0,0,0,0,0
39,0,0.144,0,0,0,0
145,0,0,0,0,0,0
413,0.141,0,0,0,0,0
159,0,0,0,0,0,0
82,0,0,0,0,0,0
24,0,0,0,0,0,0
527,0.015,0,0,0,0.1,0
128,0,0,0,0,0,0
129,0,0,0,0,0.9,0
68,0,0,0,0,1.19,0
85,0,0,0,0,0,0
262,0,0,0,0,0,0
62,0,0.318,0,0,0,0
148,0,0,0,0,0,0
6,0,0,0,0,0,0
63,0,0.176,0,0,1.11,0
36,0,0,0,0,0,0
8,0,0.383,0,0,0,0
5,0,0,0,0,0,0
248,0.05,0.05,0,0,0,0
308,0,0,0,0,0.2,0
13,0,0,0,0,0,0
71,0,0,0,0,0,0
876,0.047,0.023,0,0,0,0
413,0.141,0,0,0,0,0
250,0,0,0,0,0.34,0
293,0,0,0,0,0,0
16,0,0,0,0,0,0
10,0,0,0,0,0,0
86,0,0,0,0,0,0
286,0,0,0,0,0,0
13,0,0.74,0,0,0,0
20,0,0,0,0,0,0
11,0,0,0,0,0,0
86,0,0,0,0,0.66,0
110,0,0,0,0,0,0
244,0.055,0.055,0,0,0,0
44,0,0.26,0,0,0,0
19,0,0,0,0,0,0
57,0,0.374,0,0,0,0
49,0,0.213,0,0,2.77,0
26,0,0,0,0,0,0
43,0,0,0,0,0,0
605,0.038,0.051,0,0.25,0,0
61,0,0,0,0,1.05,0
174,0,0,0,0,0,0
85,0,0.045,0,0,0,0
24,0,0.139,0,0,0,0
19,0,0.552,0,0,0,0
172,0,0,0,0,0,0
139,0.075,0.075,0,0,0,0
213,0,0,0,0,0.35,0
5,0,0,0,0,0,0
22,0,0,0,0,0.68,0
85,0,0.107,0,0,0,0
39,0,0,0,0,0,0
19,0,0,0,0,0,0
9,0,0,0,0,0,0
758,0,0.02,0,0,0,0
134,0,0.051,0,0,0.33,0
935,0,0,0,0,0,0
263,0,0,0,0,0,0
43,0,0,0,0,0,0
5,0,0,0,0,0,0
480,0,0.026,0,0,0,0
557,0,0,0,0,0,0
155,0,0,0,0,0,0
20,0,0.5,0,0,0,0
26,0,0,0,0,0,0
69,0,0,0,0,0,0
69,0,0,0,0,0,0
38,0,0,0,0,0,0
7,0,0,0,0,0,0
666,0,0.09,0,0,0,0
5,0,0,0,0,0,0
13,0,0,0,0,0,0
16,0,1.458,0,0,0,0
2026,0,0,0,0,0.08,0
726,0.026,0,0,0,0.09,0
510,0.1,0,0.09,0.36,0,0
1150,0.015,0,0,0,0.05,0
1116,0.163,0,0,0,0,0
618,0,0.078,0,0,0,0
162,0,0,0,0,0,0
347,0.072,0.072,0,0,0.67,0
364,0.076,0.076,0,0.33,0,0
14,0,0,0,0,0,0
353,0,0.026,0,0,0.53,0
5,0,0,0,0,0,0
55,0,0,0,0,0,0
243,0.01,0,0,0,0.29,0
75,0,0,0,0,0,0
78,0,0.294,0,0,0,0
44,0,0.041,0,0,0.26,0
120,0,0.044,0,0,0.6,0
47,0,0.285,0,0,0,0
347,0,0,0,0,0,0
63,0,0,0,0,0,0
39,0,0,0,0,0,0
133,0,0,0,0,0,0
45,0,0.251,0,0,0,0
17,0,0,0,0,1.04,0
45,0,0,0,0,0,0
17,0,0,0,0,0,0
1399,0,0,0,0,0,0
262,0,0,0,0,0,0
182,0,0.123,0,0,0,0
77,0,0,0,0,0,0
8,0,0,0,0,0,0
10,0,0,0,0,0,0
76,0.136,0,0,0,0,0
4,0,0,0,0,0,0
88,0,0,0,0,0,0
48,0,0,0,0,0,0
16,0,0,0,0,0,0
10,0,0,0,0,0,0
68,0,0,0,0,0,0
192,0,0,0,0,0.09,0
51,0,0,0,0,0,0
5,0,0,0,0,0,0
34,0,1.798,0,0,0,0
150,0,0,0,0,0,0
436,0.023,0,0,0,0.08,0
21,0,0,0,0,0,0
52,0,0,0,0,0,0
53,0,0,0,0,0,0
259,0,0,0,0,0,0
881,0.028,0,0,0,0.07,0
37,0,0,0,0,0,0
338,0,0,0,0,0,0
47,0,0.225,0,0,0.9,0
27,0,0,0,0,0,0
60,0,0.432,0,0,0,0
1620,0,0,0,0,0,0
186,0,0,0,0,0,0
87,0,0.102,0,0,0,0
68,0,0.116,0,0,0,0
111,0,0,0,0,0,0
749,0,0.063,0,0,0.22,0
7,0,0,0,0,0,0
1263,0.051,0.044,0,0.08,0,0
622,0,0.069,0,0,0,0
92,0,0,0,0,0,0
22,0,0,0,0,0,0
51,0,0.145,0,0,0,0
167,0,0.102,0,0,0,0
180,0,0.044,0,0,0,0
11,0,0,0,0,0,0
3027,0,0.002,0,0.01,0.01,0
142,0,0,0,0,0,0
3,0,0,0,0,0,0
90,0,0.087,0,0,0,0
680,0,0,0,0,0,0
1,0,0,0,0,0,0
17,0,0,0,0,0,0
55,0,0.25,0,0,0,0
7,0,0,0,0,0,0
110,0,0,0,0,0,0
16,0,0,0,0,0,0
36,0,0.262,0,0,0,0
25,0,0,0,0,0,0
4,0,0,0,0,0,0
74,0,0,0,0,0,0
81,0,0,0,0,0,0
76,0,0,0,0,0,0
39,0,0,0,0,0,0
11,0,0,0,0,0,0
151,0,0.309,0,0,1.04,0
127,0,0.104,0,0,0,0
27,0,0,0,0,0,0
3,0,0,0,0,0,0
348,0,0,0,0,0,0
6,0,0,0,0,0,0
4,0,0,0,0,0,0
593,0,0,0,0,0,0
109,0,0,0,0,0,0
86,0,0,0,0,0,0
24,0,0.103,0,0,0,0
11,0,0,0,0,2.77,0
13,0,0,0,0,0,0
9,0,0,0,0,0,0
121,0,0.239,0,0,0,0
517,0,0,0,0,0,0
26,0,1.123,0,0,0,0
147,0,0.138,0,0,0.48,0
4,0,0,0,0,0,0
187,0,0,0,0,0,0
344,0,0,0,0,0.43,0
62,0,0,0,0,0,0
78,0.124,0,0,0,0.42,0
508,0.078,0,0,0.11,0,0
44,0,0,0,0,0,0
246,0,0,0,0,0.39,0
415,0,0,0,0,0,0
92,0,0,0,0,0,0
75,0,0,0,0,0,0
55,0,0,0,0,0,0
61,0,0.203,0,0,0,0
18,0,0,0,0,0,0
35,0,0,0,0,0,0
386,0,0,0,0,0,0
14,0,2.272,0,0,0,0
322,0,0,0,0,0,0
59,0,0,0,0,0,0
79,0.058,0,0,0,0,0
56,0,0.286,0,0,0,0
53,0,0.147,0,0,0,0
294,0,0,0,0,0,0
51,0,0.277,0,0,0,0
219,0,0,0,0,0,0
250,0,0,0,0,0,0
2,0,0,0,0,0,0
42,0,0,0,0,0,0
17,0,0,0,0,0,0
481,0.026,0,0,0.29,0.09,0
203,0.033,0.033,0,0,0.44,0
55,0,0,0,0,0,0
5,0,0,0,0,0,0
593,0,0.068,0,0.09,0,0
59,0,0.055,0,0,0,0
87,0,0.486,0,0,0,0
24,0,0,0,0,0.76,0
224,0.146,0.073,0,0,0,0
27,0,0,0,0,0,0
387,0.029,0.029,0,0,0.37,0
1134,0.03,0.053,0,0.05,0.17,0
46,0,0,0,0,0,0
122,0,0,0,0,0,0
80,0,0,0,0,0,0
35,0,0.331,0,0,0,0
43,0,0,0,0,0,0
64,0,0,0,0,0,0
204,0,0,0,0,0,0
30,0,0,0,0,0,0
57,0,0,0,0,0,0
59,0,0,0,0,0,0
4,0,0,0,0,0,0
80,0,0,0,0,0,0
9,0,0,0,0,0,0
393,0.052,0,0,0,0,0
373,0,0,0,0,0,0
53,0,0,0,0,2,0
43,0,0.149,0,0,0,0
11,0,0,0,0,0,0
125,0,0,0,0,0,0
14,0,0,0,0,0,0
189,0.117,0,0,0,0,0
96,0,0,0,0,0,0
323,0,0,0,0,0,0
42,0,0,0,0,0,0
505,0.034,0,0,0,0.12,0
157,0,0,0,0,0,0
63,0,0,0,0,0,0
261,0.048,0,0,0,0,0
932,0,0,0,0,0,0
1795,0,0.004,0,0,0.18,0
13,0,0,0,0,0,0
3006,0,0.014,0,0,0.04,0
479,0,0,0,0,0,0
6,0,0,0,0,0,0
25,0,0,0,0,0,0
601,0,0,0,0,0.09,0
66,0,0.279,0,0,0,0
25,0,0,0,0,0,0
46,0,0,0,0,0,0
23,0,0.709,0,0,0,0
122,0,0,0,0,0,0
98,0.381,0.305,0,0.96,0,0
98,0.381,0.305,0,0.96,0,0
63,0,0,0,0,0,0
2,0,0,0,0,0,0
608,0,0.174,0,0,0.15,0
55,0,0.146,0,0,0,0
367,0,0.05,0,0.12,0,0
151,0,0,0,0,0,0
13,0,0,0,0,0,0
431,0,0.306,0,0,0.33,0
177,0,0,0,0,0,0
69,0.105,0,0,0,0,0
1763,0,0,0,0,0.04,0
16,0,0,0,0,0,0
68,0,0,0,0,0,0
80,0,0,0,0,0.18,0
97,0,0.089,0,0,0,0
104,0,0.193,0,0,0.37,0
913,0,0,0,0,0,0
30,0,0,0,0,0,0
67,0,0,0,0,0.51,0
110,0.087,0,0,0,0,0
103,0.095,0,0,0,0,0
60,0,0,0,0,0,0
114,0,0,0,0,0,0
535,0.034,0,0,0,0.12,0
628,0.033,0,0,0,0.08,0
23,0,0,0,0,0,0
815,0.017,0,0,0,0.12,0
331,0,0,0,0,0,0
331,0,0,0,0,0,0
6,0,0,0,0,0,0
62,0,0,0,0,0.31,0
36,0,0,0,0,0,0
31,0,0,0,0,0.4,0
126,0,2.378,0,0,0.69,0
17,0,0.442,0,0,0,0
53,0,0,0,0,0,0
540,0.022,0,0,0,0,0
27,0,0.371,0,0,0,0
81,0,0.107,0,0,0,0
3168,0.005,0.002,0,0.07,0.03,0
3,0,1.086,0,0,0,0
42,0,0,0,0,0,0
40,0,0,0,0,0,0
23,0,0,0,0,0,0
19,0,0,0,0,0,0
139,0,0,0,0,0,0
133,0,0,0,0,0,0
24,0,0.955,0,0,0,0
53,0,0,0,0,0,0
28,0,0.558,0,0,0,0
9,0,0,0,0,0,0
31,0,0,0,0,0,0
64,0,0.355,0,0,0,0
55,0,0,0,0,0,0
395,0,0,0,0,0,0
167,0,0,0,0,0,0
148,0,0,0,0,0,0
212,0,0,0,0,0,0
15,0,0.787,0,0,0,0
38,0,0,0,0,0,0
13,0,0.689,0,0,0,0
41,0,0,0,0,0,0
79,0,0.196,0.77,0,0,0
26,0,0,0,0,0,0
208,0.265,0.113,0,0,0.29,0
33,0,0,0,0,0,0
25,0,0,0,0,0,0
67,0,0,0,0,0,0
307,0.036,0,0,0,0,0
428,0,0,0,0,0,0
53,0,0,0,0,1.09,0
16,0,0.386,0,0,0,0
171,0,0.078,0,0,0,0
566,0.011,0,0,0.08,0,0
63,0,0,0,0,0,0
27,0,0.473,0,0,0,0
67,0,0.376,0,0,0,0
25,0,0.186,0,0,0,0
65,0,0,0,0,0,0
53,0,0,0,0,0,0
29,0,0.68,0,0,0,0
153,0,0.181,0,0,0,0
13,0,0,0,0,0,0
28,0,0.366,0,0,0,0
36,0,0.114,0,0,0,0
249,0,0.129,0,0,0.39,0
1026,0.046,0.062,0.05,0.21,0.05,0
897,0.055,0.064,0.06,0.25,0.06,0
89,0,0,0,0,0,0
89,0,0,0,0,0,0
17,0,0,0,0,0,0
140,0,0,0,0,0,0
26,0,0,0,0,0,0
90,0,0,0,0,0,0
161,0,0,0,0,0,0
270,0,0.055,0,0,0,0
41,0,0.37,0,0,1.03,0
38,0,0,0,0,0.72,0
126,0,0.24,0,0,0,0
188,0,0,0,0,0,0
68,0,0.24,0,0,0,0
30,0,0,0,0,0,0
125,0,0,0,0,0,0
140,0,0,0,0,0,0
18,0,0,0,0,0,0
59,0,0.166,0,0,0.97,0
150,0,0.163,0,0,0,0
14,0,0,0,0,0,0
855,0,0,0,0.07,0,0
21,0,0,0,0,0,0
125,0,0,0,0,0,0
16,0,0,0,0,0,0
227,0,0.091,0,0,0.53,0
145,0,0,0,0,0,0
94,0,0.103,0,0,0.58,0
180,0,0.096,0,0,0.31,0
645,0.033,0,0,0,0.12,0
1386,0.014,0,0,0,0.05,0
39,0,0.216,0,0,0,0
118,0,0.061,0,0,0.75,0
127,0,0,0,0,0,0
18,0,0,0,0,0.68,0
40,0,0.203,0,0,0,0
17,0,0,0,0,0,0
4,0,0,0,0,0,0
129,0,0,0,0,0,0
336,0,0,0,0,0.24,0
20,0,0.564,0,0,0,0
69,0,0.097,0,0,0,0
79,0,0,0,0,0,0
29,0,0.389,0,0,0,0
37,0,0.231,0,0,0,0
24,0,0,0,0,0,0
15,0,0,0,0,0,0
5,0,0,0,0,0,0
42,0,0,0,0,0,0
64,0,0,0,0,0,0
29,0,0,0,0,0,0
37,0,0,0,0,0.48,0
491,0.036,0,0,0,0.12,0
807,0.022,0,0,0,0.08,0
38,0,0,0,0,0,0
227,0,0,0,0,0.24,0
77,0,0,0,0,0,0
571,0.057,0,0,0.21,0.1,0
169,0,0,0,0,0,0
30,0,0.27,0,0,0,0
29,0,0.211,0,0,0,0
248,0,0,0,0,0,0
74,0,0,0,0,0.51,0
94,0,0,0,0,0,0
133,0,0,0,0,0,0
26,0,0.19,0,0,0,0
42,0,0,0,0,0,0
57,0,0,0,0,0,0
203,0.159,0.798,0,0,0,0
378,0,0,0,0,0,0
155,0,0,0,0,0.3,0
485,0.103,0.866,1.04,0.2,0.41,0
375,0,0,0,0,0,0
25,0,0,0,0,0,0
19,0,0,0,0,0,0
26,0,0,0,0,0,0
304,0,0,0,0,0,0
25,0,0,0,0,0,0
5,0,0,0,0,0,0
9,0,0,0,0,0,0
10,0,0,0,0,0,0
9,0,0,0,0,0,0
68,0,0,0,0,0,0
9,0,0,0,0,0,0
90,0,0,0,0,0,0
195,0,0,0,0,0,0
18,0,0,0,0,0,0
635,0,0.207,0,0,0,0
41,0,0,0,0,0,0
193,0,0,0,0,0,0
53,0,0,0,0,2,0
373,0,0,0,0,0,0
53,0,0,0,0,2,0
43,0,0.149,0,0,0,0
11,0,0,0,0,0,0
125,0,0,0,0,0,0
14,0,0,0,0,0,0
13,0,0,0,0,0,0
250,0,0,0,0,0.34,0
16,0,0,0,0,0,0
10,0,0,0,0,0,0
86,0,0,0,0,0,0
13,0,0.74,0,0,0,0
128,0,0,0,0,0.26,0
418,0.053,0,0,0.41,0,0
51,0,0.176,0,0,0,0
66,0,0.278,0,0,0,0
7,0,0,0,0,0,0
194,0,0.031,0.17,0,0.17,0
14,0,0,0,0,0,0
1003,0,0,0,0,0,0
16,0,0,0,0,0,0
216,0,0.167,0,0,0.17,0
71,0,0,0,0,0,0
8,0,0,0,0,0,0
1108,0.16,0,0,0,0,0
116,0,0,0,0,0,0
5,0,0,0,0,0,0
22,0,0,0,0,0,0
85,0,0,0,0,0.25,0
21,0,0,0,0,0,0
8,0,0,0,0,0,0
13,0,0,0,0,0,0
127,0,0,0,0,0,0
93,0,0.099,0,0,0,0
239,0,0,0,0,0,0
25,0,0,0,0,0,0
214,0,0,0,0,0,0
5,0,0,0,0,0,0
131,0,0,0,0,0,0
119,0,0,0,0,0,0
61,0,0,0,0,0,0
21,0,0,1.6,0,0,0
30,0,0,0,0,0,0
5,0,0,0,0,0,0
38,0,0.396,0,0,0,0
50,0,0,0,0,0,0
200,0,0,0,0,0,0
100,0,0,0,0,0,0
104,0,0,0,0,0,0
115,0,0,0,0,0,0
128,0.128,0,0,0,0,0
97,0,0,0,0,0,0
434,2.038,0,0,0,0,0
21,0,0,0,0,0,0
601,0.075,0.056,0,0,0,0
89,0,0.07,0,0,0.39,0
45,0,0,0,0,0,0
24,0,0,0,0,0,0
113,0,0,0,0,0,0
84,0.601,0,0,0,0,0
155,0,0,0,0,0,0
196,0.055,0,0,0,0,0
37,0,0,0,0,0,0
102,0.108,0,0,0,0,0
70,0,0,0,0,0,0
111,0,0,0,0,0,0
47,0,0,0,0,0,0
64,0,0,0,0,0,0
73,0,0,0,0,0.87,0
101,0,0,0,0,0,0
90,0,0,0,0,0,0
47,0,0.058,0,0,0.32,0
20,0,0,0,0,0,0
6,0,0,0,0,0,0
139,0,0.08,0,0,0.28,0
23,0,0,0,0,0,0
14,0,0,0,0,0,0
37,0,0,0,0,0,0
36,0,0,0,0,0,0
30,0,0,0,0,0,0
15,0,0,0,0,0,0
4,0,0,0,0,0,0
70,0,0,0,0,0,0
89,0,0,0,0,0,0
5,0,0,0,0,0,0
91,0,0,0,0,0,0
4,0,0,0,0,0,0
37,0,0,0,0,0,0
109,0,0,0,0,0,0
244,0.031,0,0,0,0.23,0
30,0,0,0,0,0,0
651,0,0,0,0,0,0
8,0,0,0,0,0,0
99,0,0.408,0,0,0,0
156,0,0,0,0,0,0
162,0,0,0,0.11,0.23,0
53,0,0,0,0,2,0
64,0,0,0,0,0,0
74,0,0.159,0,0,0,0
522,0,0.14,0,0,0.29,0
103,0,0,0,0,0,0
133,0,0,0,0,0,0
108,0,0,0,0,0,0
62,0,0,0,0,0,0
71,0,0,0,0,0,0
85,0,0.241,0,0,0,0
268,0,0,0,0,0,0
5,0,0,0,0,0,0
4,0,0,0,0,0,0
451,0,0,0,0,0,0
51,0,0.114,0,0,0,0
36,0,0,0,0,0,0
8,0,0,0,0,0,0
67,0,0,0,0,0,0
104,0,0.19,0,0,0,0
146,0,0,0,0,0,0
52,0,0.087,0,0,0,0
23,0,0,0,0,0,0
13,0,0,0,0,0,0
96,0,0,0,0,0,0
10,0,0,0,0,0,0
79,0,0,0,0,0,0
138,0,0,0,0,0,0
119,0,0,0,0,0,0
26,0,0.48,0,0,0,0
137,0.161,0,0,0,0,0
131,0,0,0,0,0,0
46,0,0,0,0,0,0
232,0.112,0,0,0,0,0
59,0,0.27,0,0,0,0
21,0,0.581,0,0,0,0
405,0.062,0.374,0,0.21,0.21,0
49,0,0,0,0,0,0
203,0,0,0,0,0,0
693,0.055,0,0,0.08,0,0
94,0,0,0,0,0.22,0
64,0,0,0,0,0,0
12,0,1.149,0,0,0,0
12,0,0,0,0,0,0
117,0,0,0,0,0,0
8,0,0,0,0,0,0
27,0,0,0,0,0,0
46,0,0,0,0,0,0
47,0,0,0,0,0,0
11,0,0,0,0,0,0
59,0,0,0,0,0,0
30,0,0,0,0,0,0
424,0,0,0,0,0,0
46,0,0.414,0,0,0,0
187,0,0,0,0,0,0
411,0.223,0.372,0.22,0,0,0
52,0,0,0,0,0,0
7,0,0,0,0,0,0
82,0,0.169,0,0,0,0
1479,0.056,0.031,0,0.12,0,0
200,0,0.333,0,0,0,0
178,0,0.016,0,0,0,0
178,0,0.016,0,0,0,0
178,0,0.016,0,0,0,0
145,0,0.054,0,0,0,0
15,0,0.729,0,0,0,0
32,0,0,0,0,0,0
67,0,0.249,0,0,0,0
12,0,0,0,0,0,0
72,0,0,0,0,0,0
59,0,0,0,0,0,0
751,0.063,0,0,0.39,0.06,0
20,0,0,0,0,0,0
41,0,0,0,0,0,0
14,0,0,0,0,0,0
257,0,0,0,0,0,0
24,0,0,0,0,0,0
17,0,0,0,0,0,0
82,0,0,0,0,0,0
133,0,0.125,0,0,0,0
238,0,0,0,0,0,0
123,0,0,0,0,0,0
95,0,0.106,0,0,0,0
346,0,0,0,0,0,0
39,0,0,0,0,0.87,0
115,0,0,0,0,0,0
300,0,0.079,0,0,0,0
1170,0.014,0,0,0,0.05,0
681,0.021,0,0,0,0.07,0
364,0.016,0.033,0,0,0.12,0
5,0,0,0,0,0,0
333,0,0,0,0,0,0
11,0,0,0,0,0,0
27,0,0,0,0,0,0
39,0,0,0,0,0,0
64,0,0,0,0,0,0
80,0,0,0,0,0,0
693,0.018,0,0,0,0.2,0
46,0,0,0,0,0,0
2631,0.003,0.003,0,0,0.06,0
17,0,0.436,0,0,0,0
10,0,0.769,0,0,0,0
693,0.018,0,0,0,0.2,0
42,0,0,0,0,0.79,0
98,0,0,0,0,0,0
154,0,0,0,0,0,0
107,0,0,0,0,0,0
121,0,0,0,0,0,0
29,0,0,0,0,0,0
13,0,0,0,0,0,0
19,0,0,0,0,0,0
341,0,0,0,0,0,0
50,0,0.239,0,0,0,0
153,0,0,0,0,0,0
7,0,0,0,0,0,0
45,0,0.281,0,0,0,0
11,0,0.925,0,0,0,0
30,0,0,0,0,0,0
106,0,0,0,0,0,0
8,0,0,0,0,0,0
28,0,0,0,0,0,0
63,0,0.168,0,0,0,0
76,0,0,0,0,0,0
57,0,0,0,0,0.64,0
37,0,0,0,0,0,0
4,0,0,0,0,0,0
65,0,0,0,0,0,0
35,0,0,0,0,0,0
25,0,0.349,0,0,0,0
120,0.134,0.044,0,0,0,0
286,0,0,0,0,0,0
36,0,0.523,0,0,0,0
694,0,0,0,0,0,0
44,0,0,0,0,0,0
238,0,0,0,0,0,0
1827,0,0.128,0,0,0.03,0
199,0,0,0,0,0,0
63,0,0.296,0,0,0,0
55,0,0,0,0,0,0
78,0,0.225,0,0,0,0
34,0,0,0,0,0,0
6,0,0,0,0,0,0
49,0,0,0,0,0,0
13,0,1.123,0,0,0,0
75,0,0,0,0,0,0
35,0,0,0,0,0,0
58,0,0.081,0,0,0,0
140,0,0,0,0,0,0
5,0,0,0,0,0,0
5,0,0,0,0,0,0
5,0,0,0,0,0,0
5,0,0,0,0,0,0
138,0,0,0,0,0,0
9,0,0,0,0,0,0
512,0,0,0,0,0,0
1192,0.006,0.027,0,0.04,0.04,0
34,0,0,0,0,0,0
377,0,0,0,0,0,0
81,0,0.088,0,0,0,0
194,0.037,0,0,0,0,0
40,0,0,0,0,0,0
367,0,0.02,0,0,0.27,0
3,0,0,0,0,0,0
27,0,0,0,0,0,0
124,0,0,0,0,0,0
103,0,0,0,0,0,0
178,0,0,0,0,0,0
17,0,0,0,0,0,0
116,0,0.063,0,0,0,0
13,0,0,0,0,0,0
21,0,0,0,0,0,0
50,0,0.139,0,0,0,0
5,0,0,0,0,0,0
15,0,0,0,0,0,0
1108,0.16,0,0,0,0,0
89,0,0.075,0,0,0,0
157,0,0.329,0,0,0,0
136,0,0,0,0,0,0
192,0,0.052,0,0,0,0
129,0,0.084,0,0,0,0
101,0,0,0,0,0,0
79,0,0.286,0,0,0,0
224,0,0.041,0,0,0,0
81,0,0,0,0,0,0
9,0,0,0,0,0,0
2349,0.005,0,0,0,0.01,0
16,0,0,0,0,0,0
8,0,0,0,0,0,0
1073,0.015,0,0,0,0.05,0
9,0,0,0,0,0,0
88,0,0,0,0,0,0
100,0,0,0,0,0,0
53,0,0.276,0,0,0,0
111,0,0,0,0,0.26,0
15,0,0,0,0,0,0
473,0,0,0,0,0,0
116,0,0.413,0,0,0,0
163,0,0.134,0,0,0,0
237,0,0,0,0,0,0
8,0,0,0,0,0,0
10,0,0,0,0,0,0
67,0,0.217,0,0,0,0
10,0,0,0,0,0,0
45,0,0,0,0,1.17,0
51,0,0,0,0,0,0
34,0,0,0,0,0,0
9,0,0,0,0,0,0
48,0,0,0,0,0,0
13,0,0,0,0,1.63,0
11,0,0,0,0,0,0
100,0,0,0,0,0,0
6,0,0,0,0,0,0
18,0,0.735,0,0,0,0
5,0,0,0,0,0,0
14,0,0,0,0,0,0
97,0,0,0,0,0,0
118,0,0,0,0,0,0
82,0,0,0,0,0,0
8,0,0,0,0,0,0
11,0,0,0,0,0,0
9,0,0,0,0,0,0
8,0,0,0,0,0,0
88,0,0.116,0,0,0,0
53,0,0,0,0,2,0
161,0,0,0,0,0,0
6,0,0,0,0,0,0
41,0,0,0,0,0,0
43,0,0.506,0,0,0,0
91,0,0,0,0,0,0
298,0,0,0,0,0,0
215,0.069,0,0,0,0,0
58,0,0,0,0,0,0
61,0,0,0,0,0.86,0
7,0,0,0,0,0,0
7,0,0,0,0,0,0
7,0,0,0,0,0,0
103,0,0,0,0,0,0
574,0.053,0,0,0,0,0
212,0,0.059,0,0,0,0
43,0,0,0,0,0,0
107,0,0,0,0,0,0
349,0,0,0,0,0.39,0
45,0,0,0,0,0,0
52,0,0.043,0,0,0,0
55,0,0,0,0,0,0
29,0,0,0,0,0,0
31,0,0,0,0,1.16,0
52,0,0.344,0,0,0,0
5,0,0,0,0,2.27,0
187,0,0,0,0,0,0
49,0,0,0,0,0,0
939,0.061,0.038,0.05,0,0.1,0
8,0,0,0,0,0,0
35,0,0,0,0,0,0
42,0,0,0,0,0,0
378,0,0,0,0,0,0
48,0,0,0,0,0,0
8,0,0,0,0,0,0
161,0,0,0,0,0,0
67,0,0.367,0,0,0,0
43,0,0,0,0,0,0
31,0,0.171,0,0,0,0
71,0,0,0,0,0,0
303,0.108,0,0,0.38,0.19,0
48,0,0,0,0,0,0
186,0,0,0,0,0,0
115,0,0,0,0,0,0
65,0,0,0,0,0,0
10,0,0,0,0,0,0
30,0,0,0,0,0,0
9,0,0,0,0,0,0
73,0,0,0,0,0,0
240,0,0,0,0,0.16,0
456,0.017,0,0,0,0.12,0
15,0,0,0,0,0,0
10,0,0,0,0,0,0
425,0.016,0,0.12,0.12,0.24,0
47,0,0.44,0,0,0,0
189,0,0,0,0,0,0
112,0,0,0,0,0,0
57,0,0,0,0,0,0
46,0,0,0,0,0,0
282,0,0,0,0,0,0
89,0,0,0,0,0,0
33,0,0,0,0,0,0
10,0,0,0,0,0,0
73,0,0.133,0,0,0,0
38,0,0,0,0,0,0
13,0,0.925,0,0,0,0
47,0,0,0,0,0,0
890,0.021,0,0,0,0.07,0
1617,0.008,0,0,0,0.05,0
204,0,0,0,0,0,0
2688,0.009,0,0,0,0.03,0
1345,0.017,0,0,0,0.06,0
47,0,0.338,0,0,0,0
47,0,0,0,0,0,0
61,0.043,0,0,0,0,0
3168,0,0.016,0.03,0,0.01,0
68,0,0.162,0,0,0,0
21,0,1.156,0,0,0,0
6,0,0,0,0,0,0
55,0,0,0,0,0,0
41,0,0,0,0,0,0
15,0,0.595,0,0,0,0
20,0,0.763,0,0,0,0
30,0,0,0,0,0,0
7,0,0,0,0,0,0
6,0,0,0,0,0,0
4,0,0,0,0,0,0
58,0,0.11,0,0,0,0
195,0,0.043,0,0,0,0
37,0,0,0,0,0,0
43,0,0.192,0,0,0,0
7,0,0,0,0,0,0
139,0,0,0,0,0,0
18,0,0,0,0,0,0
90,0,0,0,0,0,0
40,0,0,0,0,0,0
26,0,0,0,0,0,0
141,0,0,0,0,0,0
112,0,0,0,0,0,0
590,0.039,0,0,0,0,0
89,0,0,0,0,0,0
68,0,0,0,0,0.84,0
6,0,0,0,0,0,0
48,0,0.085,0,0,0,0
78,0,0,0,0,0,0
37,0,0,0,0,0,0
25,0,0.523,0,0,0,0
227,0,0,0,0,0,0
4,0,0,0,0,0,0
1738,0.009,0.019,0,0,0.06,0
160,0,0,0,0,0,0
112,0,0,0,0,0.52,0
4,0,0,0,0,0,0
38,0,0,0,0,0,0
315,0,0,0,0,0,0
638,0.051,1.027,0.33,0,0.16,0
95,0,0.109,0,0,0,0
122,0,0.181,0,0,0,0
147,0,0,0,0,0,0
190,0,0.024,0.13,0,0,0
34,0,0,0,0,0,0
30,0,0,0,0,0,0
61,0,0,0,0,0,0
8,0,0,0,0,0,0
211,0,0,0,0,0,0
2,0,0,0,0,0,0
29,0,0,0,0,0,0
317,0,0,0,0.13,0,0
36,0,0.375,0,0,0,0
168,0.042,0.042,0,0,0,0
77,0.124,0,0,0,0.43,0
71,0,0,0,0,0,0
1,0,0,0,0,0,0
6,0,0,0,0,0,0
54,0,0,0,0,0,0
909,0.025,0,0,0,0.18,0
678,0.03,0,0,0,0.11,0
880,0.019,0,0,0,0.06,0
1080,0.014,0,0,0,0.05,0
99,0,0,0,0,0,0
12,0,0,0,0,0,0
417,0.053,0.07,0.1,0,0.1,0
67,0,0,0,0,0,0
128,0.054,0,0,0,0,0
525,0.043,0,0,0,0.1,0
10,0,0,0,0,0,0
285,0,0,0,0,0,0
212,0,0.344,0,0,0.29,0
10,0,0,0,0,0,0
60,0,0,0,0,0,0
312,0.069,0,0,0,0,0
60,0,0,0,0,0,0
707,0.009,0,0,0.07,0,0
48,0,0,0,0,0,0
1589,0,0,0,0,0,0
40,0,0,0,0,0,0
500,0,0,0,0.08,0.08,0
38,0,0,0,0,0,0
28,0,0,0,0,0,0
110,0,0,0,0,0,0
22,0,0,0,0,0,0
255,0.097,0,0,0,0,0
98,0,0,0,0,0,0
38,0,0,0,0,0,0
41,0,0,0,0,0,0
23,0,0,1.73,0,0.86,0
283,0,0,0,0,0,0
219,0,0,0,0,0,0
52,0,0,0,0,0,0
156,0,0,0,0,0,0
61,0,0.15,0,0,0,0
511,0,0,0,0,0.1,0
40,0,0,0,0,0,0
11,0,0,0,0,0,0
48,0,0,0,0,0,0
321,0.049,0.247,0,0,0,0
183,0,0,0,0,0,0
29,0,0,0,0,0,0
209,0,0,0,0,0,0
20,0,0,0,0,0,0
38,0,0,0,0,0,0
30,0,0,0,0,0,0
90,0,0,0,0,0,0
57,0,0,0,0,0,0
1123,0.021,0.029,0,0.05,0.1,0
43,0,0.436,0,0,0,0
86,0,0,0,0,0,0
1787,0,0,0,0,0.04,0
31,0,0.103,0,0,0,0
274,0,0,0,0,0,0
211,0,0.05,0,0,0,0
183,0,0,0,0,0,0
75,0,0.128,0,0,0,0
38,0,0,0,0,0,0
153,0,0,0,0,0,0
144,0,0,0,0,0,0
55,0,0,0,0,0,0
322,0,0,0,0,0.27,0
54,0,0,0,0,0,0
38,0,0,0,0,0,0
6,0,0,0,0,0,0
155,0.079,0.105,0,0.15,0.47,0
91,0,0.195,0,0,0,0
53,0,0,0,0,2,0
10,0,0,0,0,0,0
1329,0.013,0,0,0,0.05,0
387,0,0,0,0,0,0
791,0.021,0,0,0,0.07,0
896,0.016,0,0,0,0.05,0
3334,0.005,0,0,0,0.03,0
205,0,0,0,0,0,0
22,0,0,0,0,0,0
113,0,0,0,0,0.41,0
64,0,0,0,0,0,0
24,0,0,0,0,0,0
25,0,0,0,0,0,0
164,0,0.301,0,0,0,0
38,0,0,0,0,0,0
38,0,0,0,0,0,0
74,0.069,0,0,0,0,0
119,0,0,0,0,0,0
641,0.125,0,0,0.09,0,0
44,0,0,0,0,0,0
130,0,0,0,0,0,0
90,0,0.487,0,0,0,0
95,0,0,0,0,0,0
92,0,0,0,0,0,0
2,0,0,0,0,0,0
15,0,0,0,0,0,0
408,0,0,0,0,0.3,0
8,0,0,0,0,0,0
20,0,0,0,0,0,0
37,0,0,0,0,0,0
37,0,0,0,0,0,0
13,0,0,0,0,0,0
7,0,0,0,0,0,0
45,0,0,0,0,0,0
87,0,0,0,0,0,0
3,0,0,0,0,0,0
227,0,0.06,0,0,0,0
1825,0,0,0,0,0.05,0
73,0,0.09,0,0,0,0
464,0,0,0,0,0,0
7,0,0,0,0,0,0
45,0,0.111,0,0,0,0
11,0,0,0,0,0,0
25,0,0,0,0,0,0
6,0,0,0,0,0,0
164,0,0,0,0,0,0
47,0,0.327,0,0,0,0
109,0,0,0,0,0,0
51,0,0,0,0,0,0
822,0,0,0,0,0,0
43,0,0.42,0,0,0,0
238,0,0,0,0,0,0
69,0,0,0,0,0,0
49,0,0,0,0,0,0
106,0,0.367,0,0,0,0
10,0,0,0,0,0,0
31,0,0,0,0,0,0
244,0,0,0,0,0.17,0
167,0.331,0,0,0,0,0
378,0,0,0,0,0,0
152,0,0.244,0,0,0,0
18,0,0,0,0,0,0
80,0,0.312,0,0,0.59,0
26,0,0,0,0,0,0
2015,0,0.126,0,0,0.02,0
89,0,0.068,0,0,0,0
127,0,0.177,0,0,0,0
11,0,0.666,0,0,0,0
102,0,0.209,0,0,0,0
12,0,0,0,0,0,0
193,0,0,0,0,0,0
177,0,0.32,0,0,0.37,0
34,0,0,0,0,0,0
9,0,0,0,0,0,0
9,0,0,0,0,0,0
9,0,0,0,0,0,0
157,0,0.216,0,0,0,0
9,0,0,0,0,0,0
9,0,0,0,0,0,0
64,0,0.596,0,0,0,0
47,0,0.314,0,0,0,0
8,0,0,0,0,0,0
92,0,0,0,0,1.02,0
92,0,0.085,0,0,0,0
55,0,0.487,0,0,1,0
941,0.008,0,0,0,0.06,0
31,0,0.833,0,0,0,0
49,0,0,0,0,0,0
9,0,0,0,0,0,0
55,0,0.227,0,0,0,0
53,0,0.263,0,0,0,0
94,0,0.406,0,0,0,0
69,0,0.1,0,0,0,0
5,0,0,0,0,0,0
63,0,0.098,0,0,0,0
9,0,0,0,0,0,0
9,0,0,0,0,0,0
56,0,0.185,0,0,1.07,0
9,0,0,0,0,0,0
8,0,0,0,0,0,0
118,0,0.042,0,0.25,0,0
8,0,0,0,0,0,0
9,0,0,0,0,0,0
96,0.048,0.048,0,0,0,0
66,0,0,0,0,0,0
20,0,0,0,0,0,0
33,0,0,0,0,0,0
37,0,0,0,0,0,0
263,0,0.107,0,0,0,0
65,0,0.484,0,0,0,0
1131,0,0.013,0,0,0,0
239,0,0,0,0,0,0
9,0,0,0,0,0,0
49,0,0,0,0,0,0
9,0,0,0,0,0,0
9,0,0,0,0,0,0
9,0,0,0,0,0,0
9,0,0,0,0,0,0
9,0,0,0,0,0,0
8,0,0,0,0,0,0
8,0,0,0,0,0,0
9,0,0,0,0,0,0
9,0,0,0,0,0,0
9,0,0,0,0,0,0
9,0,0,0,0,0,0
9,0,0,0,0,0,0
9,0,0,0,0,0,0
9,0,0,0,0,0,0
9,0,0,0,0,0,0
9,0,0,0,0,0,0
9,0,0,0,0,0,0
7,0,0,0,0,0,0
9,0,0,0,0,0,0
9,0,0,0,0,0,0
9,0,0,0,0,0,0
9,0,0,0,0,0,0
9,0,0,0,0,0,0
9,0,0,0,0,0,0
9,0,0,0,0,0,0
9,0,0,0,0,0,0
4,0,0,0,0,0,0
5,0,0,0,0,0,0
13,0,0,0,0,0,0
15,0,0,0,0,0,0
4,0,0,0,0,0,0
1094,0.158,0,0,0,0,0
7,0,0,0,0,0,0
1232,0,0,0,0,0,0
12,0,0,0,0,0,0
1029,0,0,0,0,0,0
22,0,0,0,0,0,0
1122,0.021,0.01,0,0,0,0
43,0,0,0,0,0,0
1,0,0,0,0,0,0
267,0,0.02,0,0,0.38,0
67,0,0,0,0,0,0
74,0,0,0,0,0.44,0
47,0,0,0,0,0,0
82,0,0,0,0,0,0
1160,0,0,0,0,0.13,0
1,0,0,0,0,0,0
20,0,0,0,0,0,0
6,0,0,0,0,0,0
7,0,0,0,0,0,0
20,0,0,0,0,0,0
358,0,0,0,0,0,0
13,0,0,0,0,0,0
17,0,0,0,0,0,0
5,0,0,0,0,0,0
15,0,0,0,0,0,0
7,0,0,0,0,0,0
258,0,0,0,0,0.21,0
4,0,0,0,0,0,0
4,0,0,0,0,0,0
447,0,0.019,0,0,0,0
82,0,0,0,0,0,0
26,0,0,0,0,0,0
21,0,0,0,0,0,0
14,0,0.289,0,0,0,0
20,0,0,0,0,0,0
5395,0.09,0.002,0,0,0.01,0
36,0,0,0,0,3.94,0
58,0,0.136,0,0,0,0
31,0,0,0,0,0,0
18,0,0,0,0,0,0
37,0,0.476,0,0,0,0
5,0,0,0,0,0,0
601,0,0,0,0,0,0
297,0.03,0,0,0.06,0.19,0
17,0,0.586,0,0,0,0
49,0,0.107,0,0,0,0
617,0.166,0,0,0,0.13,0
12,0,0.373,0,0,0,0
6,0,0,0,0,0,0
2,0,0,0,0,0,0
172,0,0,0,0,0.26,0
172,0,0,0,0,0.26,0
173,0,0,0,0,0,0
45,0,0,0,0,0,0
175,0,0.045,0,0,0,0
29,0,0,0,0,0,0
772,0.377,0.022,0.16,0,0,0
1361,0.071,0.071,0,0.04,0.04,0
162,0,0.057,0,0,0,0
686,0.041,0,0,0,0.09,0
3086,0.004,0,0,0,0.02,0
1161,0.016,0,0,0,0.05,0
1090,0.016,0,0,0,0.05,0
910,0.053,0,0,0.05,0,0
163,0,0,0,0,0,0
7,0,0,0,0,0,0
40,0,0,0,0,0,0
101,0.084,0,0,0,0.27,0
37,0.63,0,0,0,0,0
33,0,0,0,0,0,0
138,0,0,0,0,0,0
114,0,0,0,0,0,0
12,0,0,0,0,0,0
78,0,0,0,0,0,0
37,0,0,0,0,0,0
53,0,0,0,0,2,0
238,0,0,0,0,0,0
51,0,0,0,0,0,0
4,0,0,0,0,0,0
5,0,0,0,0,0,0
6,0,0,0,0,0,0
54,0,0,0,0,0,0
85,0,0,0.56,0,0,0
65,0.219,0,0,0,0,0
5,0,0,0,0,0,0
10,0,0,0,0,0,0
41,0,0,0,0.74,0.74,0
35,0,0,0,0,0,0
3,0,0,0,0,0,0
38,0,0,0,0.97,0.97,0
65,0,0,0,0,0,0
42,0,0,0,0,0,0
13,0,0,0,2.12,0,0
12,0,0,0,0,0,0
148,0,0,0,0,0,0
30,0,0,0,0,0,0
4,0,0,0,0,0,0
112,0,0,0,0,0.34,0
139,0,0,0,0,0,0
21,0,0,0,0,0,0
16,0,0,0,0,0,0
164,0,0,0,0,0,0
168,0,0,0,0,0,0
15,0,0,0,0,0,0
156,0,0,0,0,0,0
167,0,0,0,0,0,0
1081,0.058,0.022,0,0.05,0.1,0
19,0,0.143,0,0,0,0
377,0,0,0,0,0,0
143,0,0,0,0,0,0
42,0,0,0.39,0,0.78,0
16,0,0,0,0,0,0
568,0,0.031,0,0,0.22,0
122,0,0,0,0,0,0
116,0,0,0,0,0,0
87,0,0,0,0,0.49,0
97,0,0,0,0,0,0
99,0,0,0,0,0,0
101,0,0,0,0,0,0
37,0,0,0,0,0,0
46,0,0,0,0,0,0
23,0,0.709,0,0,0,0
30,0,0,0,0,0,0
47,0,0,0,0,0,0
37,0,0,0,0,0,0
64,0.665,0,0,0,0,0
64,0.665,0,0,0,0,0
149,0,0,0,0,0,0
28,0,0,0,0,0,0
132,0,0,0,0,0,0
130,0,0,0,0,0,0
136,0,0,0,0,0,0
1303,0.014,0,0,0,0.05,0
113,0,0,0,0,0,0
86,0,0,0,0,0.23,0
143,0,0,0,0,0.23,0
62,0,0,0,0,0,0
963,0.016,0,0,0,0.05,0
4,0,0,0,0,0,0
1538,0.427,0.014,0,0,0.13,0
1,0,0,0,0,0,0
490,0.029,0,0,0,0.1,0
571,0.031,0,0,0,0.11,0
558,0,0,0,0,0,0
1758,0.007,0,0,0,0.02,0
71,0,0,0,0,0,0
19,0,0,0,0,0,0
26,0,0.74,0,0,0,0
3,0,0,0,0,0,0
685,0.053,0.035,0,0,0,0
5,0,0,0,0,0,0
10,0,0,0,0,0,0
227,0,0,0,0,0,0
33,0,0,0,0,0,0
215,0,0.048,0,0,0,0
117,0,0,0,0,0,0
17,0,0,0,0,0,0
19,0,0.505,0,0,0,0
59,0,0,0,0,0,0
278,0.242,0.282,0,0,0,0
168,0,0,0,0,0.71,0
7,0,0,0,0,0,0
35,0,0,0,0,0,0
56,0,0,0,0,0,0
81,0,0.083,0,0,0,0
30,0,0,0,0,0,0
430,0,0,0,0,0,0
72,0,0.271,0,0,0,0
372,0,0,0,0,0,0
72,0,0,0,0,0,0
31,0,0,0,0,0,0
20,0,0,0,0,0,0
19,0,0.2,0,0,0,0
13,0,0,0,0,0,0
40,0,0,0,0,0,0
139,0,0,0,0,0,0
432,0.063,0.021,0,0,0,0
210,0,0,0,0,0,0
206,0,0.037,0,0,0,0
552,0.066,0,0,0.09,0,0
24,0,0,0,0,0,0
37,0,0,0,0,0,0
14,0,0,0,0,0,0
904,0.013,0,0,0,0,0
26,0,0,0,0,0,0
41,0,0,0,0,0,0
18,0,0,0,0,0,0
17,0,0,0,0,0,0
204,0,0,0,0,0.35,0
598,0,0.025,0,0,0,0
338,0.059,0.119,0,0.48,0,0
1223,0.044,0.014,0,0,0,0
107,0,0,0,0,0,0
23,0,0,0,0,0,0
68,0,0,0,0,0,0
33,0,0,0,0,0,0
4,0,0,0,0,0,0
23,0,0,0,0,0,0
17,0,0,0,0,0,0
6,0,0,0,0,0,0
6,0,0,0,0,0,0
10,0,0,0,0,0,0
598,0.011,0,0,0,0,0
15,0,0,0,0,0,0
61,0,0,0,0,0,0
32,0,0,0,0,0,0
542,0.022,0.057,0,0,0.08,0
34,0,0.304,0,0,0,0
55,0,0,0,0,0,0
35,0,0,0,0,0,0
23,0,0,0,0,0,0
10,0,0,0,0,0,0
39,0,0,0,0,0,0
30,0,0,0,0,0,0
44,0,0,0,0,0,0
63,0,0.094,0,0,0,0
17,0,0,0,0,0,0
23,0,0.193,0,0,0,0
62,0,0.237,0,0,0,0
91,0,0,0,0,0,0
9,0,0,0,0,0,0
72,0,0,0,0,0,0
146,0.205,0.37,0.23,0.23,0.23,0
7,0,0,0,0,0,0
549,0.032,0,0,0,0.11,0
505,0.031,0,0,0,0.11,0
5,0,0,0,0,0,0
12,0,0,0,0,0,0
14,0,0,0,0,0,0
38,0,0.102,0,0,1.19,0
673,0.024,0,0,0,0.08,0
1423,0.014,0,0,0,0.05,0
715,0.024,0,0,0,0.17,0
46,0,0,0,0,0,0
576,0.043,0,0.07,0.15,0,0
15,0,1.098,0,0,0,0
48,0,0.173,0,0,0,0
133,0,0,0,0,0,0
19,0,0,0,0,0,0
14,0,0.178,0,0,1.26,0
26,0,0,0,0,0,0
372,0.04,0.04,0,0,0,0
262,0,0.043,0,0,0,0
110,0,0,0,0,0,0
84,0,0.387,0,0,0.68,0
179,0,0.065,0,0,0,0
5,0,0,0,0,0,0
20,0,0.391,0,0,0,0
45,0,0.403,0,0,0,0
15,0,0,0,0,0,0
375,0,0,0,0,0,0
2458,0.041,0.015,0,0,0,0
26,0,0,0,0,1.23,0
5,0,0,0,0,0,0
7,0,0,0,0,0,0
77,0,0.079,0,0,0,0
7,0,0,0,0,0,0
9,0,0,0,0,1.75,0
96,0,0,0,0,0,0
22,0,0,0,0,0,0
3,0,0,0,0,0,0
22,0,0.181,0,0,0,0
29,0,0,0,0,0,0
359,0.024,0,0,0,0,0
7,0,0,0,0,0,0
7,0,0,0,0,0,0
106,0,0,0,0,0,0
175,0,0,0,0,0,0
15,0,0,0,0,0,0
14,0,0.961,0,0,0,0
41,0,0,0,0,0,0
29,0,0,0,0,0,0
61,0,0,0,0,0,0
40,0,0,0,0,0,0
237,0,0.039,0,0,0.77,0
85,0,0.124,0,0,0,0
1356,0.016,0.028,0,0,0.07,0
10,0.719,0,0,0,0,0
95,0,0,0,0,0,0
76,0,0,0,0,0.89,0
10,0.724,0,0,0,0,0
50,0,0,0,0,0,0
16,0,0,0,0,0,0
193,0,0.056,0,0,0,0
49,0,0,0,0,0,0
43,0,0,0,1.25,0,0
418,0.017,0,0,0.25,0,0
53,0,0,0,0,2,0
23,0,0,0,0,0,0
47,0,0,0,0,0,0
41,0,0.097,0,0,0,0
114,0,0.109,0,0,0,0
20,0,0,0,0,0,0
199,0,0,0,0,0,0
142,0,0,0,0,0.23,0
8,0,0,0,0,0,0
18,0,0.74,0,0,0,0
132,0,0,0,0,0,0
11,0,0,0,0,0,0
31,0,0,0,0,0,0
9,0,0,0,0,0,0
411,0.084,0.028,0,0,0.21,0
39,0,0.523,0,0,0,0
600,0,0.017,0,0,0.11,0
198,0,0,0,0,0,0
85,0,0,0,0,0.75,0
29,0,0,0,0,0,0
28,0,0.444,0,0,0,0
142,0,0,0,0,0,0
9,0,0.8,0,0,0,0
12,0,0,0,0,0,0
64,0,0,0,0,0,0
130,0,0.122,0,0,0,0
665,0,0,0,0,0.06,0
78,0,0,0,0,0,0
28,0,0,0,0,0,0
115,0,0,0,0,0.26,0
420,0,0,0,0,0.13,0
58,0,0.153,0,0,0,0
15,0,0.645,0,0,0,0
14,0,0.414,0,0,1.17,0
7,0,0,0,0,0,0
83,0,0,0,0,0,0
9,0,0,0,0,0,0
11,0,0,0,0,0,0
5,0,0,0,0,0,0
230,0,0,0,0,0,0
5,0,0,0,0,0,0
8,0,0,0,0,0,0
13,0,0,0,0,3.03,0
103,0,0,0,0,0,0
148,0,0,0,0,0,0
168,0,0.072,0,0,0,0
51,0,0.208,0,0,0,0
653,0.029,0,0,0,0.11,0
17,0,0,0,0,0,0
112,0.407,0.407,0,0,0,0
28,0,0.448,0,0,0,0
44,0,0,0,0,0,0
105,0,0,0,0,0,0
32,0,0,0,0,0,0
7,0,0,0,0,0,0
6,0,0,0,0,0,0
251,0,0,0,0,0,0
25,0,0,0,0,0,0
201,0,0,0,0,0,0
6,0,0,0,0,0,0
146,0,0,0,0,0,0
156,0,0,0,0,0,0
26,0,0,0,0,0,0
26,0,0,0,0,0,0
37,0,0,0,0,0,0
48,0,0,0,0,0,0
317,0,0,0,0,0,0
321,0.336,0.224,0,0,0,0
319,0,0,0,0,0.51,0
391,0.031,0,0,0,0,0
577,0.12,0.013,0,0,0.09,0
76,0,0,0,0,0,0
82,0,0,0,0,0.3,0
377,0,0,0,0,0,0
319,0,0,0,0,0,0
89,0,0,0,0,0.23,0
155,0,0,0,0,0,0
156,0,0,0,0,0.58,0
129,0,0,0,0,0,0
129,0,0,0,0,0,0
260,0,0,0,0,0,0
380,0.027,0,0,0,0,0
184,0,0.149,0,0,0,0
14,0,0,0,0,0,0
69,0,0,0,0,0,0
5,0,0,0,0,0,0
4,0,0,0,0,0,0
311,0,0.112,0,0,0.39,0
37,0,0,0,0,0,0
888,0.048,0.029,0.06,0,0.13,0
552,0,0.042,0,0.09,0.09,0
64,0,0,0,0,0,0
5,0,0,0,0,0,0
16,0,0,0,0,0,0
46,0,0,0,0,0,0
35,0,0,0,0,0,0
52,0,0,0,0,0.9,0
10,0,0,0,0,0,0
94,0,0,0,0,0,0
4,0,0,0,0,0,0
40,0,0,0,0,0,0
6,0,0,0,0,0,0
270,0,0,0,0,0,0
276,0,0,0.84,0,0,0
466,0,0,0,0,0,0
112,0,0.056,0,0,0.67,0
507,0.028,0,0,0,0.1,0
3337,0.018,0,0,0.04,0.04,0
31,0,0,1.66,0,0,0
237,0.061,0.122,0,0.5,0,0
18,0,0,0,0,0,0
54,0,0,0,0,0,0
339,0.031,0,0,0,0,0
188,0,0,0,0,0,0
148,0,0.087,0,0,0,0
68,0,0,0,0,0,0
16,0,0.952,0,0,0,0
69,0,0.229,0,0,0,0
77,0,0,0,0,0,0
59,0,0,0,0,0,0
22,0,0.134,0,0,0,0
395,0.045,0.022,0,0,0,0
25,0,0,0,0,0,0
36,0,0,0,0,0,0
30,0,0,0,0,0,0
30,0,0,0,0,0,0
296,0,0,0,0,0,0
17,0,0,0,0,0,0
69,0,0,0,0,0,0
16,0,0.238,0,0,0,0
53,0,0,0,0,2,0
24,0,0,0,0,0,0
69,0,0,0,0,0,0
127,0,0,0,0,0,0
623,0.043,0,0,0,0.06,0
37,0,0,0,0,0,0
403,0.044,0.022,0,0,0,0
100,0,0,0,0,0.75,0
12,0,0,0,0,0,0
12,0,0,0,0,0,0
3,0,0,0,0,0,0
5,0,0,0,0,0,0
13,0,0,0,0,0,0
6,0,0,0,0,0,0
18,0,0,0,0,0,0
5,0,0,0,0,0,0
5,0,0,0,0,0,0
5,0,0,0,0,0,0
3,0,0,0,0,0,0
5,0,0,0,0,0,0
30,0,0,0,0,0,0
5,0,0,0,0,0,0
5,0,0,0,0,0,0
7,0,0,0,0,0,0
5,0,0,0,0,0,0
5,0,0,0,0,0,0
5,0,0,0,0,0,0
4,0,0,0,0,0,0
5,0,0,0,0,0,0
5,0,0,0,0,0,0
5,0,0,0,0,0,0
5,0,0,0,0,0,0
5,0,0,0,0,0,0
4,0,0,0,0,0,0
26,0,0,0,0,0,0
6,0,0,0,0,0,0
5,0,0,0,0,0,0
4,0,0,0,0,0,0
32,0,0,0,0,0,0
6,0,0,0,0,0,0
3,0,0,0,0,0,0
5,0,0,0,0,0,0
5,0,0,0,0,0,0
5,0,0,0,0,0,0
6,0,0,0,0,0,0
5,0,0,0,0,0,0
11,0,0,0,0,0,0
6,0,0,0,0,0,0
5,0,0,0,0,0,0
10,0,0,0,0,0,0
9,0,0,0,0,0,0
5,0,0,0,0,0,0
4,0,0,0,0,0,0
5,0,0,0,0,0,0
5,0,0,0,0,0,0
5,0,0,0,0,0,0
5,0,0,0,0,0,0
5,0,0,0,0,0,0
5,0,0,0,0,0,0
5,0,0,0,0,0,0
5,0,0,0,0,0,0
5,0,0,0,0,0,0
5,0,0,0,0,0,0
5,0,0,0,0,0,0
5,0,0,0,0,0,0
6,0,0,0,0,0,0
5,0,0,0,0,0,0
6,0,0,0,0,0,0
3,0,0,0,0,0,0
4,0,0,0,0,0,0
6,0,0,0,0,0,0
5,0,0,0,0,0,0
6,0,0,0,0,0,0
5,0,0,0,0,0,0
5,0,0,0,0,0,0
5,0,0,0,0,0,0
5,0,0,0,0,0,0
6,0,0,0,0,0,0
5,0,0,0,0,0,0
5,0,0,0,0,0,0
5,0,0,0,0,0,0
5,0,0,0,0,0,0
5,0,0,0,0,0,0
5,0,0,0,0,0,0
5,0,0,0,0,0,0
5,0,0,0,0,0,0
5,0,0,0,0,0,0
5,0,0,0,0,0,0
5,0,0,0,0,0,0
5,0,0,0,0,0,0
5,0,0,0,0,0,0
5,0,0,0,0,0,0
7,0,0,0,0,0,0
5,0,0,0,0,0,0
5,0,0,0,0,0,0
5,0,0,0,0,0,0
5,0,0,0,0,0,0
5,0,0,0,0,0,0
3,0,0,0,0,0,0
4,0,0,0,0,0,0
8,0,0,0,0,0,0
5,0,0,0,0,0,0
5,0,0,0,0,0,0
5,0,0,0,0,0,0
5,0,0,0,0,0,0
10,0,0,0,0,0,0
6,0,0,0,0,0,0
7,0,0,0,0,0,0
5,0,0,0,0,0,0
8,0,0,0,0,0,0
398,0,0,0,0,0,0
3,0,0,0,0,0,0
4,0,0,0,0,0,0
3,0,0,0,0,0,0
3,0,0,0,0,0,0
4,0,0,0,0,0,0
3,0,0,0,0,0,0
3,0,0,0,0,0,0
4,0,0,0,0,0,0
3,0,0,0,0,0,0
3,0,0,0,0,0,0
3,0,0,0,0,0,0
6,0,0,0,0,0,0
14,0,0,0,0,0,0
485,0,0,0,0,0,0
54,0,0,0,0,0.36,0
2051,0,0.037,0,0,0,0
40,0,0,0,0,0,0
272,0,0,0,0,0,0
42,0,0,0,0,0,0
143,0,0,0,0,0,0
150,0,0.129,0,0,0,0
40,0,0,0,0,0,0
6,0,1.739,0,0,0,0
931,0,0,0,0,0,0
50,0,0.178,0,0,0,0
18,0,0.636,0,0,0,0
28,0,0.444,0,0,0,0
23,0,0,0,0,0,0
511,0.032,0,0,0,0.11,0
1031,0.024,0,0,0,0.17,0
706,0.021,0,0,0,0.07,0
44,0,0,0,0,0,0
35,0,0,0,0,0,0
91,0,0.283,0,0,0.83,0
787,0,0,0,0,0,0
11,0,0,0,0,0,0
127,0,0,0,0,0,0
295,0,0,0,0,0,0
128,0,0,0,0,0,0
203,0,0,0,0,0,0
56,0,0,0,0,0.41,0
3467,0.007,0.002,0,0,0,0
4,0,0,0,0,0,0
3,0,0,0,0,0,0
117,0,0,0,0,0,0
7,0,0,0,0,0,0
28,0,0,0,0,0,0
116,0,0,0,0,0,0
14,0,0,0,0,0,0
5,0,0,0,0,0,0
69,0,0,0,0,0,0
582,0,0.024,0,0,0,0
54,0,0,0,0,1.26,0
94,0,0.197,0,0,0,0
113,0,0.502,0,0,0,0
122,0,0,0,0,0,0
141,0,0,0,0,0,0
141,0,0,0,0,0,0
43,0,0,0,0,0,0
126,0,0,0,0,0,0
207,0,0,0,0.23,0,0
103,0,0.135,0,0,0,0
469,0.041,0.041,0,0,0.1,0
99,0,0,0,0,0,0
67,0,0,0,0,0,0
29,0,0,0,0,0,0
89,0,0,0,0,0.23,0
15,0,0,0,0,0,0
32,0,0,0,0,0,0
20,0,0,0,0,0,0
6,0,0,0,0,0,0
411,0,0.026,0,0,0,0
500,0,0,0,0,0,0
190,0,0.043,0,0,0.25,0
104,0,0,0,0,0,0
249,0,0.05,0,0,0,0
93,0,0.056,0,0,0.33,0
7,0,0,0,0,0,0
316,0,0,0,0,0,0
147,0.037,0,0,0,0,0
11,0,0,0,0,0,0
22,0,0.374,0,0,0,0
16,0,0,0,0,0,0
22,0,0,0,0,0,0
5,0,0,0,0,0,0
18,0,0,0,0,0,0
41,0,0,0,0,0,0
53,0,0,0,0,2,0
3,0,0,0,0,0,0
44,0,0,0,0,0,0
330,0,0,0,0,0,0
19,0,0,0,0,0,0
50,0,0.238,0,0,0,0
81,0,0.102,0,0,0,0
173,0,0.159,0,0,0,0
18,0,0,0,0,0,0
29,0,0.235,0,0,0,0
659,0.023,0,0,0.22,0.07,0
545,0,0.014,0,0,0.2,0
27,0,0.181,0,0,0,0
42,0,0.336,0,0,0,0
720,0.02,0,0,0.22,0.07,0
109,0,0,0,0,0,0
35,0,0,0,0,0,0
29,0,0,0,0,1.06,0
12,0,0,0,0,0,0
50,0,0,0,0,0,0
58,0,0,0,0,0,0
12,0,0,0,0,0,0
12,0,0,0,0,0,0
2,0,0,0,0,0,0
204,0,0,0,0,0,0
44,0,0,0,0,0,0
23,0,0,0,0,0,0
112,0,0,0,0,0,0
39,0,0,0,0,0,0
190,0,0,0,0,0,0
12,0,0,0,0,0,0
17,0,0,0,0,0,0
180,0,0.188,0,0,0,0
73,0,0,0,0,0.71,0
167,0,0.049,0,0,0,0
421,0.04,0,0,0,0,0
8,0,0,0,0,0,0
248,0,0.055,0,0,0,0
35,0,0,0,0,0,0
49,0,0.139,0,0,0,0
27,0,0.404,0,0,0,0
3,0,0.862,0,0,0,0
17,0,0,0,0,0,0
87,0,0.093,0,0,0,0
85,0,0,0,0,0,0
120,0,0,0,0,0,0
10,0,0,0,0,0,0
69,0,0,0,0,0,0
74,0,0,0,0,0.46,0
7,0,0,0,0,0,0
6,0,0,0,0,0,0
130,0,0,0,0,0,0
77,0,0,0,0,0,0
33,0,0,0,0,0,0
136,0,0,0,0,0,0
28,0,0,0,0,0,0
1184,0.061,0.047,0,0,0,0
8,0,0,0,0,0,0
575,0,0,0,0.2,0,0
80,0,0,0,0,0,0
107,0,0,0,0,0,0
393,0.016,0,0,0,0,0
14,0,0,0,0,0,0
16,0,0,0,0,0,0
97,0,0,0,0,0,0
108,0,0,0,0,0.55,0
75,0,0,0,0,0,0
108,0,0.054,0,0,0,0
36,0,0.133,0,0,0,0
3,0,0,0,0,0,0
138,0,0.055,0,0,0,0
42,0,0.119,0,0,0,0
53,0,0,0,0,0,0
21,0,0.348,0,0,0,0
155,0.045,0,0,0,0,0
107,0.054,0,0,0,0,0
191,0,0,0,0,0,0
511,0,0,0,0,0,0
85,0.062,0,0,0,0,0
56,0,0,0,0,0,0
7,0,0,0,0,0,0
605,0.063,0,0,0.1,0,0
376,0,0,0,0,0,0
28,0,0,0,0,0,0
49,0,0,0,0,0,0
149,0,0,0,0,0,0
15,0,0,0,0,0,0
31,0.265,0,0.8,0,0,0
597,0.059,0,0,0.1,0,0
54,0,0,0,0,0,0
53,0,0,0,0,0,0
101,0,0,0,0,0,0
28,0,0,0,0,0,0
128,0,0,0,0,0,0
506,0,0,0,0,0,0
34,0,0.204,0,0,1.12,0
207,0,0,0,0,0.19,0
76,0,0.139,0,0,0,0
177,0,0.077,0,0,0,0
76,0,0,0,0,0,0
31,0,0,0,0,0,0
88,0.223,0.111,0,0,0,0
86,0.18,0.361,0,0,0,0
4,0,0,0,0,0,0
9,0,0,0,0,0,0
18,0,0,0,0,0,0
98,0,0,0,0,0,0
18,0.651,0,0,0,0,0
8,0,0,0,0,0,0
93,0,0,0,0,0,0
80,0,0.285,0,0,0,0
122,0,0,0,0,0,0
208,0,0.082,0,0,0,0
534,0,0,0,0,0,0
50,0,0,0,0,0,0
48,0,0,0,0,0,0
307,0,0.097,0,0,0,0
18,0,0,0,0,0,0
6,0,0,0,0,0,0
472,0,0.018,0,0,0,0
88,0,0,0,0,0,0
26,0,0,0,0,0,0
187,0,0.021,0,0,0,0
63,0,0,0,0,0,0
210,0.067,0.135,0,0,0,0
39,0,0,0,0,0,0
45,0,0,0,0,0,0
76,0,0,0,0,0,0
19,0,0,0,0,0,0
189,0,0,0,0,0,0
152,0,0,0.24,0,0.24,0
19,0,0,0,0,0,0
746,0,0.018,0,0,0,0
51,0,0.184,0,0,0,0
5,0,0,0,0,0,0
35,0,0,0,0,0,0
81,0,0,0,0,0,0
6,0,0,0,0,0,0
79,0,0,0,0,0,0
646,0,0.038,0,0,0.17,0
256,0.029,0.148,0,0,0,0
53,0,0,0,0,2,0
559,0,0,0,0.11,0,0
120,0,0,0,0,0,0
42,0,0,0,0,0,0
227,0.086,0,0,0,0,0
59,0,0,0,0,0.4,0
4,0,0,0,0,0,0
3,0,0,0,0,0,0
738,0,0,0,0,0,0
7,0,0,0,0,0,0
105,0,0,0,0,0,0
25,0,0,0,0,0,0
114,0,0,0,0,0,0
49,0,0,0,0,0,0
10,0,0,0,0,0,0
108,0,0,0,0,0,0
22,0,0,0,0,0,0
665,0.022,0,0,0,0.08,0
485,0.033,0,0,0,0.12,0
827,0.019,0,0,0,0.06,0
598,0.024,0,0,0,0.08,0
1387,0.01,0,0,0,0.07,0
83,0,0,0,0,0,0
334,0,0,0,0,0.23,0
124,0,0,0,0,0,0
77,0,0,0,0,0,0
10,0,0,0,0,2.85,0
77,0,0.124,0.74,0,0,0
76,0,0,0,0,0,0
12,0,0,0,0,0,0
3003,0.039,0.031,0,0.02,0.04,0
24,0,0.167,0,0,0,0
290,0,0,0,0,0,0
171,0,0,0,0,0,0
7,0,0,0,0,0,0
461,0,0,0,0,0,0
196,0,0,0,0,0,0
14,0,0,0,0,0,0
237,0,0,0,0,0,0
363,0.214,0,0,0,0,0
13,0,0,0,0,0,0
540,0,0,0,0,0,0
39,0,0,0,0,0,0
54,0,0,0,0,0,0
42,0,0,0,0,0,0
11,0,0,0,0,0,0
124,0,0,0,0,0,0
629,0.039,0,0,0,0.09,0
48,0,0,0,0,0,0
111,0,0,0,0,0,0
576,0,0,0,0,0,0
19,0,0,0,0,0,0
105,0,0,0,0,0,0
30,0,0,0,0,0,0
18,0,0,0,0,0,0
99,0,0,0,0,0,0
25,0,0.333,0,0,0,0
8,0,8.333,0,0,0,0
191,0,0,0,0,0,0
120,0,0,0,0,0,0
4,0,0.632,0,0,0,0
122,0,0,0,0,0.33,0
17,0,0,0,0,0,0
508,0,0,0,0,0,0
22,0,0,0,0,0,0
106,0.078,0,0,0,0.54,0
885,0,0,0,0,0.09,0
232,0,0,0,0,0,0
146,0,0,0,0,0,0
60,0,0,0,0,0,0
18,0,0,0,0,0,0
45,0,0,0,0,0,0
11,0,0,0,0,0,0
12,0,1.342,0,0,0,0
277,0,0,0,0,0,0
1056,0.109,0.1,0,0,0.06,0
37,0,0.149,0,0,0,0
89,0,0,0,0,0,0
125,0,0.056,0,0,0,0
105,0,0,0,0,0,0
299,0,0.078,0,0,0,0
7,0,0,0,0,0,0
7,0,0,0,0,0,0
705,0,0,0,0,0,0
61,0,0,0,0,0,0
18,0,0,0,0,0,0
31,0,0.485,0,0,0,0
95,0,0,0,0,0,0
17,0,0,0,0,0,0
26,0,0,0,0,0,0
82,0,0,0,0,0,0
61,0,0,0,0,0,0
15,0,0,0,0,0,0
591,0.044,0,0,0.23,0.07,0
69,0,0,0,0,0,0
5,0,0,0,0,0,0
181,0,0,0,0,0,0
8,0,0,0,0,0,0
46,0,0,0,0,0,0
33,0,0,0,0,0,0
18,0,0,0,0,0,0
188,0,0,0,0,0,0
108,0,0,0,0,0,0
54,0,0,0,0,0,0
83,0,0,0,0,0,0
76,0,0.281,0,0,0,0
871,0.075,0.028,0,0,0,0
63,0,0,0,0,0,0
135,0,0.049,0,0,0,0
179,0,0,0,0,0,0
83,0,0,0,0,0,0
19,0,0,0,0,0,0
120,0.031,0,0,0.19,0.19,0
31,0,0,0,0,0,0
30,0,0,0,0,0,0
169,0,0,0,0,0,0
5,0,0,0,0,0,0
140,0,0,0,0,0,0
112,0,0,0,0,0,0
182,0,0,0,0,0.34,0
65,0,0.222,0,0,0,0
740,0.023,0,0,0.24,0.08,0
61,0,0,0,0,0.89,0
53,0,0,0,0,0,0
13,0,0,0,0,0,0
167,0,0.094,0,0,0,0
78,0,0.339,0,0,0,0
88,0,0.273,0,0,0,0
121,0,0,0,0,0.51,0
74,0,0,0,0,0,0
65,0,0,0,0,0,0
8,0,1.282,0,0,0,0
37,0,0,0,0,0,0
31,0,0,0,0,0,0
11,0,0,0,0,0,0
55,0,0,0,0,0,0
36,0,0,0,0,0,0
87,0,0,0,0,0.34,0
14,0,0.287,0,0,0,0
5,0,3.26,0,0,0,0
68,0,0.077,0.45,0,0,0
31,0,0.497,0,0,0,0
53,0,0.047,0,0,0.26,0
55,0,0,0,0,0,0
14,0,0,0,0,0,0
9,0,0,0,0,0,0
68,0,0,0,0,0,0
25,0,0,0,0,0,0
44,0,0,0,0,0,0
31,0,0.457,0,0,0,0
32,0,0.247,0,0,0,0
70,0,0,0,0,0,0
22,0,0,0,0,0,0
51,0,0.093,0,0,0,0
13,0,0.943,0,0,0,0
142,0,0.666,0,0.48,0,0
5,0,0,0,0,0,0
43,0.26,0,0,0,0,0
96,0.038,0,0,0,0,0
6,0,0,0,0,3.84,0
6,0,1.724,0,0,0,0
34,0,0.578,0,0,0,0
9,0,0,0,0,0,0
51,0,0,0,0,0,0
75,0,0.392,0,0,0.54,0
24,0,0,0,0,0,0
26,0,0.398,0,0,0,0
30,0,0,0,0,0,0
137,0,0,0,0,0,0
14,0,0,0,0,0,0
31,0,0,0,0,0,0
8,0,0.613,0,0,0,0
9,0,0,0,0,0,0
20,0,0,0,0,0,0
14,0,0,0,0,0,0
7,0,0,0,0,0,0
22,0,2.843,0,0,0,0
16,0,0,0,0,0,0
12,0,1.075,0,0,0,0
179,0,0,0,0,0,0
45,0,0,0,0,0,0
51,0,0.091,0,0,0.49,0
45,0,0,0,0,0,0
30,0.197,0,0,0,0,0
9,0,0,0,0,0,0
50,0.159,0,0,0,0,0
7,0,1.438,0,0,0,0
272,0,0.078,0,0,0.08,0
20,0,0,0,0,0,0
24,0,0.371,0,0,0,0
8,0,0,0,0,0,0
30,0,0,0,0,1.31,0
37,0,0.143,0,0,0,0
26,0,0.165,0,0,0,0
10,0,0.704,0,0,0,0
11,0,0.68,0,0,0,0
6,0,0,0,0,0,0
29,0,0.422,0,0,0,0
20,0,0,0,0,0,0
28,0,0,0,0,0,0
183,0,0.164,0,0,0.13,0
35,0.118,0,0,0,0,0
24,0,0,0,0,0,0
14,0,0.546,0,0,0,0
24,0,0,0,0,0,0
13,0,1.069,0,0,0,0
134,0,0.054,0,0,0,0
83,0.189,0.094,0,0,0,0
14,0,0.564,0,0,0,0
9,0,0,0,0,0,0
77,0,0.076,0,0,0,0
37,0,0.259,0,0,0,0
97,0,0.117,0,0,0.66,0
70,0,0,0,0,0,0
8,0,0,0,0,0,0
74,0.218,0.109,0,0,0,0
11,0,0.248,0,0,0,0
73,0,0.954,0,0,0,0
49,0,0,0,0,0,0
8,0,0,0,0,0,0
52,0.169,0.169,0,0,0,0
27,0,0,0,0,0,0
34,0,0.49,1.16,0,0,0
226,0,0,0,0,0,0
44,0,0.09,0,0,0,0
24,0,0.147,0,0,0,0
49,0,0.102,0,0,0.63,0
71,0,0,0,0,0,0
425,0,0.157,0,0.1,0.1,0
7,0,0,0,0,0,0
36,0,0.213,0,0,0,0
30,0.246,0,0,0,0,0
31,0.211,0,0,0,0,0
40,0,0,0,0,0,0
16,0,0,0,0,0,0
71,0,0,0,0,0.34,0
32,0,0.21,0,0,0,0
19,0,0,0,0,0.9,0
101,0,0.069,0,0,0,0
124,0,0,0,0,0,0
5,0,0,0,0,0,0
1310,0,0,0,0,0,0
35,0,0,0,0,0,0
32,0,0,0,0,1.08,0
97,0,0,0,0,0,0
182,0,0,0,0,0,0
39,0,0.275,0,0,0,0
116,0,0,0,0,0,0
94,0,0,0,0,0,0
74,0,0,0,0,0,0
119,0,0,0,0,0,0
106,0,0.045,0,0,0,0
83,0,0.12,0,0,0,0
69,0,0,0,0,0,0
82,0,0,0,0,0,0
191,0,0.059,0,0,0,0
92,0,0,0,0,0,0
46,0,0,0,0,0,0
91,0,0,0,0,0,0
76,0,0,0,0,0,0
167,0,0.082,0,0,0.32,0
109,0,0,0,0,0.43,0
78,0,0,0,0,0,0
116,0,0.174,0,0.33,0,0
328,0,0.082,0,0,0.15,0
306,0,0.034,0,0,0.09,0
187,0,0,0,0,0,0
192,0,0,0,0,0,0
31,0,0.471,0,0,0,0
97,0,0.045,0,0,0,0
56,0,0,0,0,0,0
90,0,0,0,0,0,0
91,0,0.214,0,0,0,0
83,0,0,0,0,0,0
94,0,0,0,0,0,0
81,0,0,0,0,0,0
90,0,0,0,0,0,0
147,0,0.047,0,0,0,0
158,0,0.057,0.16,0,0,0
22,0,0.756,0,0,0,0
114,0,0,0,0,0.38,0
83,0,0,0,0,0,0
119,0,0,0,0,0,0
71,0,0,0,0,0,0
52,0,0,0,0,0,0
35,0,0.159,0,0,2.32,0
97,0,0,0,0,0,0
137,0,0.188,0,0,0,0
118,0,0.048,0,0,0,0
108,0,0,0,0,0,0
39,0,0.817,0,0,0,0
70,0,0,0,0,0,0
108,0.857,0,0,0,0,0
84,0,0,0,0,0,0
89,0,0.105,0,0,0.7,0
91,0,0,0,0,0,0
26,0,0,0,0,0,0
86,0,0.13,1.83,0,0,0
91,0,0,0,0,0,0
38,0.18,0.361,0,0,0,0
43,0.327,0.327,0,0,0,0
22,0,0.263,0,0,0,0
34,0.192,1.156,0,0,0,0
72,0.213,0.284,0,0,0,0
54,0,0.441,0,0,0,0
24,0,0.331,0,0,0,0
23,0,0.33,0,0,0,0
116,0,0.062,0,0,0.36,0
70,0,0.238,0,0,0,0
159,0.065,0.261,0.39,0.39,0,0
104,0,0,1.31,0,0,0
25,0,0,0,0,0,0
31,0,0.342,0,0,0,0
290,0,0.056,0,0,0,0
58,0.109,0,1.25,0,0,0
47,0,0.709,0,0,0.31,0
101,0,0.119,0,0,0,0
19,0,0.692,0,0,0,0
18,0,0.216,0,0,0,0
56,0,0.324,0,0,0,0
10,0,0.653,0,0,0,0
35,0,0.432,0,0,0,0
54,0,0.308,0,0,0.28,0
26,0,0.62,0,0,0,0
8,0,0,0,0,0,0
22,0,0.757,0,0,0,0
159,0,0,0,0,0.39,0
85,0,0,0,0,0,0
33,0,0,0,0,0,0
28,0,0,0,0,0,0
14,0,0,0,0,0,0
15,0,0,1.69,0,0,0
24,0,0,0,0,0,0
16,0,0,0,0,0,0
35,0,0.175,0,0,0,0
6,0,0,0,0,0,0
42,0,0,0,0,0,0
155,0,0.029,0,0,0,0
43,0,9.575,0,0,0,0
80,0,5.054,0.28,0,0.28,0
69,0,6.387,0,0,0,0
41,0,0.45,0.48,0,0,0
35,0,0,0,0,0,0
118,0,0,0,0,0,0
51,0,0,0,0,0,0
39,0,0.087,0,0,0,0
118,0,0,0,0,0,0
60,0,0,0,0,0.95,0
63,0,0.253,0,0,0.76,0
32,0,0.278,0,0,0,0
6,0,0,0,0,0,0
55,0,0,0,0,1.47,0
47,0.138,0,0.87,0,0,0
36,0,0,0,0,0,0
39,0,0.169,0,0,0,0
33,0,0,0,0,0,0
115,0,0.082,0,0,0.58,0
18,0,0.25,0,0,0,0
40,0,0,0,0,0,0
359,0,0.063,0,0,0,0
614,0,0.071,0,0,0,0
334,0,0.063,0,0,0,0
328,0,0.074,0,0,0,0
354,0,0.07,0,0,0,0
40,0,0,0,0,0,0
39,0,0,0,0,0,0
35,0,0,0,0,0,0
418,0,0.06,0,0,0.35,0
24,0,0.327,0,0,0,0
394,0,0.062,0,0,0,0
96,0,0,0,0,0,0
43,0,0,0,0,0,0
144,0,0,0,0,0.36,0
29,0,0,0,0,1.49,0
129,0.093,0,0,0,0,0
290,0,0.079,0,0,0.16,0
76,0,0.154,0,0,0,0
35,0,0,0,0,0,0
99,0.102,0.306,0,0,0,0
29,0,0,0.56,0,0,0
72,0,0,0,0,0,0
17,0,0,0,0,0,0
228,0,0.06,0,0,0,0
383,0.071,0.142,0,0.18,0,0
11,0,0,0,0,0,0
12,0,0,0,0,2.27,0
54,0,0.168,0,0,4,0
123,0,0,0,0,0,0
43,0,0,0,0,0,0
22,0,0,0,0,0,0
37,0,0.271,0,0,0,0
84,0,0.157,0,0,0,0
226,0,0.064,0,0,0,0
40,0,0.473,0.46,0,0,0
297,0,0.188,0,0,0,0
49,0,0.12,0,0,0,0
356,0,0.07,0,0,0,0
17,0,0.438,0,0,0,0
10,0,0,0,0,0,0
412,0,0.048,0,0,0,0
12,0,0,0,0,0,0
31,0,0.243,0,0,0,0
319,0,0.141,0,0,0,0
328,0,0.073,0,0,0,0
311,0,0.059,0,0,0,0
448,0,0.24,0,0,0,0
266,0,0.073,0,0,0,0
20,0,0,0,0,0,0
28,0,0,0,0,0,0
44,0.116,0,0,0,0,0
9,0,0,0,0,0,0
9,0,0,0,0,0,0
23,0,0.266,0,0,0,0
7,0,0,9.75,0,0,0
16,0,0,0,0,0,0
286,0.285,0.122,0,0.48,0,0
128,0,0,0,0,0,0
77,0,0.208,0,0,0,0
10,0,0,0,0,0,0
136,0.054,0.109,0,0,0,0
141,0,0.285,0,0,0,0
75,0,0,0,0.51,0.51,0
77,0,0.406,0,0,0,0
33,0,0.377,0,0,0.74,0
35,0,0.232,0,0,0,0
26,0,0,0,0,0,0
202,0,0.038,0,0,0.26,0
83,0,0,0,0,0,0
159,0,0,0,0,0,0
49,0.204,0,0,0,0,0
82,0,0.563,0,0,0,0
53,0,0.407,0,0,0,0
184,0,0,0,0,0,0
71,0,0,0,0,0,0
18,0,0.766,0,0,0,0
419,0,0.055,0,0,0.12,0
427,0,0.051,0,0,0.11,0
201,0,0,0,0,0,0
201,0,0,0,0,0,0
13,0,0,0,0,0,0
3,0,0,0,0,0,0
100,0,0.302,0,0,0,0
61,0,0.633,0,0,0.55,0
27,0,0.312,0,0,0,0
169,0.037,0.037,0,0,0,0
3,0,0,0,0,0,0
97,0.048,0.048,0,0,0,0
121,0.132,0.044,0,0,0,0
4,0,0,0,0,0,0
261,0,0.093,0,0,0.06,0
5,0,0,0,0,0,0
214,0,0.099,0,0,0,0
39,0,0,0,0,0,0
7,0,0,0,0,0,0
330,0,0.271,0,0,0,0
17,0,0,0,0,0,0
4,0,0,0,0,0,0
61,0,0,0,0,0,0
9,0,0,0,0,0,0
17,0,0.773,0,0,0,0
68,0,0,0,0,0,0
3,0,0,0,0,0,0
21,0,0.187,0,0,0,0
41,0,0.134,0,0,0,0
32,0,0.164,0,0,0,0
17,0,0,0,0,0,0
64,0,0.254,0,0,1.39,0
165,0,0,0,0,0.97,0
389,0,0.014,0,0,0.15,0
27,0,0.473,0,0,0,0
26,0,0,0,0,0,0
17,0,0,0,0,0,0
14,0,0,0,0,4.34,0
7,0,0,0,0,0,0
39,0.172,0.344,0,0,0,0
41,0,0.151,0,0,0,0
50,0,0,0,0,0,0
63,0,0.533,0,0,0,0
285,0,0,0.38,0,0,0
12,0,0,0,0,0,0
18,0,0,9.09,0,0,0
157,0.123,0,0.73,0,0,0
80,0.903,0,0,0,0,0
4,0,0,0,0,0,0
76,0,0.91,0,0,0,0
29,0,1.194,0,0,0,0
246,0,0.074,0,0,0,0
4,0,3.571,0,0,0,0
37,0,0.27,0,0,0,0
4,0,3.225,0,0,0,0
24,0.763,0,0,0,0,0
326,0,0.069,0,0.15,0,0
121,0,0.291,0,0,0.32,0
136,0,0.561,0,0,0,0
67,0,0.656,0,0,0,0
11,0,0,0,0,0,0
172,0,0.514,0,0,0.13,0
244,0,0.149,0,0,0,0
178,0,0.347,0,0,0,0
195,0,0,0,0,0,0
146,0,0.161,0,0,0,0
14,0,0,0,0,0,0
60,0,0,0,0,0,0
80,0,0.376,0,0,0,0
62,0,0.186,0,0,0.99,0
59,0,0,0,0,0,0
32,0,0,0,0,0.71,0
56,0,0,0,0,0,0
41,0,0.475,0,0,0,0
108,0.224,0.224,0.33,0,0,0
69,0,0,0,0,0,0
2,0,0,0,0,0,0
68,0,0.212,0,0,0.59,0
86,0,0.128,0,0,0,0
64,0,0,0,0,0,0
70,0,0.098,0.61,0,0,0
5,0,0,0,0,0,0
40,0,0,0,0,0,0
266,0,0,0,0,0.4,0
289,0,0.162,0,0,0,0
323,0,0,0,0,0,0
67,0,0,0,0,0,0
147,0,0.436,0,0,0,0
16,0,0,0,0,0,0
414,0,0.045,0,0,0,0
300,0,0,0,0,0,0
390,0,0,0,0,0,0
265,0,0.114,0,0,0,0
128,0,0.198,0,0,0,0
333,0,0.471,0,0,0,0
559,0,0.193,0,0,0,0
314,0,0.178,0,0,0,0
282,0,0.147,0,0,0,0
282,0,0.147,0,0,0,0
53,0,0,0,0,0,0
282,0,0.147,0,0,0,0
285,0,0.448,0,0,0,0
422,0,0.022,0,0,0,0
303,0,0,0,0,0,0
605,0.012,0.012,0.08,0,0,0
80,0,0.463,0,0,0,0
101,0,0.336,0,0,0,0
10,0,0,0,0,0,0
28,0,0.225,0,0,0,0
74,0,0.055,0,0,0.3,0
131,0,0.023,0,0,0.12,0
45,0,0.232,0,0,0,0
72,0,0.552,0,0,0,0
160,0,0,0,0,0,0
8,0,0,0,0,0,0
5,0,0.467,0,0,0,0
8,0,0,0,0,0,0
207,0.038,0,0,0,0.25,0
53,0,19.131,0,0,0,0
135,0,0,0,0,0.16,0
49,0,5.78,0,0,0.95,0
13,0,0,0,0,0,0
5,0,32.478,0,0,0,0
51,0,7.707,0,0,0,0
40,0,0,0,0,0,0
45,0,0,0,0,0,0
7,0,0,0,0,0,0
39,0,0,0,0,0,0
3,0,0,0,0,0,0
29,0,0.149,0,0,0,0
42,0,0.175,0,0,1.42,0
144,0,0.54,0,0,0.76,0
77,0,0,0,0,0.26,0
7,0,0,0,0,0,0
65,0,0,0,0,0,0
6,0,0,0,0,0,0
1,0,0.684,0,0,0,0
23,0.135,0.135,0.37,0,0,0
55,0.147,0.049,0,0,0,0
1,0,0,0,0,0,0
311,0,0.112,0,0,1.88,0
499,0.068,0.017,0,0.34,0,0
1315,0,0.027,0,0,0.08,0
61,0,0,0,0,0,0
18,0,0,0,0,0,0
294,0,0.288,0,0,0,0
122,0,0.444,0,0,0.39,0
33,0,0,0,0,0,0
40,0,0,0,0,0.35,0
55,0,0,0,0,0,0
34,0,0.594,0,0,0,0
51,0,0,0,0,0,0
54,0,0,0,0,0,0
27,0,0.234,0,0,0,0
50,0,0.175,0,0,0,0
61,0,0,0,0,0,0
29,0,0,0,0,0,0
53,0,0,0,0,0,0
34,0,0,0,0,0,0
30,0,0,0,0,0.78,0
58,0,1.548,0,0,0,0
27,0.809,0.809,0,0,0,0
50,0,0,0,0,0,0
103,0,1.16,0,0,0,0
68,0.277,0,0,0,0,0
70,0,0,0,0,0,0
145,0,0.021,0,0,0.23,0
180,0,0,0,0,0,0
164,0,0,0,0,0,0
73,0.46,0,0,0,0,0
105,0,0,0,0,0,0
1,0,0,0,0,0,0
50,0,0,0,0,0,0
37,0,0.125,0,0,0.88,0
52,0,0.152,0,0,0,0
329,0,0,0,0,0,0
537,0,0.028,0,0,0,0
9,0,0,0,0,0,0
82,0,0.112,0,0,0,0
267,0.046,0,0,0,0.09,0
98,0.079,0,0,0,0,0
68,0,0,0,0,0,0
14,0,0,0,0,0.42,0
14,0,0.066,0,0,0,0
15,0,0,0,0,0,0
25,0,0.018,0,0,0,0
76,0,0,0,0,0,0
21,0,0,0,0,0,0
38,0,0,0,0,0,0
5,0,0,0,0,0,0
32,0,0,0,0,0,0
29,0,0,0,0,0,0
9,0,0,0,0,0,0
11,0,0,0,0,0,0
32,0,0,0,0,0,0
27,0,0,0,0,0,0
6,0,0,0,0,0,0
25,0,0,0,0,0,0
8,0,0,0,0,0,0
106,0,0.039,0,0,0,0
2,0,0,0,0,0,0
25,0,0,0,0,0,0
10,0,0,0,0,0,0
65,0,0,0,0,0,0
57,0,0,0,0,0,0
5,0,0,0,0,0,0
7,0,0,0,0,0,0
12,0,0,0,0,0,0
14,0,0,0,0,0,0
4,0,0,0,0,0,0
43,0,0.168,0,0,0,0
60,0,0,0,0,0,0
4,0,0,0,0,0,0
75,0,0.116,0,0,0.33,0
69,0,0.065,0,0,0.17,0
10,0,0,0,0,0,0
93,0,0,0,0,0.69,0
244,0.008,0,0,0.1,0.16,0
54,0,0,0,0,0,0
7,0,0,0,0,0,0
7,0,0,0,0,0,0
28,0,0,0,0,0,0
59,0,0,0,0,0.54,0
128,0,0,0,0,0,0
55,0,0,0,0,0,0
78,0,0,0,0,0,0
108,0,0,0,0,0.14,0
90,0,0,0,0,0.67,0
42,0,0,0,0,0.25,0
38,0.087,0,0,0,0,0
98,0,0.082,0,0,0,0
13,0,0,0,0,0,0
137,0,0.099,0,0,0,0
61,0,0,0,0,0.29,0
43,0,0,0,0,0,0
64,0,0,0,0,0,0
24,0,0,0,0,0,0
70,0,0,0.4,0,0,0
1789,0,0.055,0,0,0.27,0
11,0,0,0,0,0,0
46,0,0.091,0,0,0,0
19,0,0,0,0,0,0
70,0,0,0,0,0,0
123,0,0.041,0,0,0,0
11,0,0,0,0,0,0
174,0,0,0,0,0,0
28,0.125,0,0,0,0,0
10,0,0,0,0,0,0
22,0,0,0,0,0,0
79,0,0,0,0,0,0
8,0,0,0,0,0,0
27,0,0,0,0,0,0
6,0,1.052,0,0,0,0
19,0,0,0,0,0,0
24,0,0,0,0,0,0
88,0,0,0,0,0.31,0
14,0,0.353,0,0,0,0
118,0,0,0,0,0.3,0
78,0,0,0,0,0.96,0
40,0,0.125,0,0,0,0
